,lon,lat,index,point_in_time,od_id,seq,flink,tlink,turn,flink_len,sum_len,facil,road_type,link_type,light,lane,outlink_cnt,zone,track_in_stamp,track_in_date,track_in_time,track_speed,track_travel_time,track_sum_travel_time,static_spd,hq_speed,ol_rot_spd,ol_spd,svc_name
51513559,127.00922222222219,37.518,0,233603,20190430B03557318,0,2072531,2072521,2,3060,3060,0,9,34816,3,1,2,11650540,1556634963,20190430,233603,191,576,576,9,0,0,0,0
51513560,127.00908333333331,37.51786111111111,1,233606,20190430B03557318,0,2072531,2072521,2,3060,3060,0,9,34816,3,1,2,11650540,1556634963,20190430,233603,191,576,576,9,0,0,0,0
51513561,127.00891666666669,37.517722222222226,2,233610,20190430B03557318,0,2072531,2072521,2,3060,3060,0,9,34816,3,1,2,11650540,1556634963,20190430,233603,191,576,576,9,0,0,0,0
51513562,127.00875,37.51758333333333,3,233614,20190430B03557318,0,2072531,2072521,2,3060,3060,0,9,34816,3,1,2,11650540,1556634963,20190430,233603,191,576,576,9,0,0,0,0
51513563,127.0086111111111,37.517444444444436,4,233618,20190430B03557318,0,2072531,2072521,2,3060,3060,0,9,34816,3,1,2,11650540,1556634963,20190430,233603,191,576,576,9,0,0,0,0
51513564,127.0084444444445,37.51730555555555,5,233622,20190430B03557318,0,2072531,2072521,2,3060,3060,0,9,34816,3,1,2,11650540,1556634963,20190430,233603,191,576,576,9,0,0,0,0
51513565,127.0082777777778,37.517194444444435,6,233626,20190430B03557318,0,2072531,2072521,2,3060,3060,0,9,34816,3,1,2,11650540,1556634963,20190430,233603,191,576,576,9,0,0,0,0
51513566,127.00813888888891,37.517055555555565,7,233629,20190430B03557318,0,2072531,2072521,2,3060,3060,0,9,34816,3,1,2,11650540,1556634963,20190430,233603,191,576,576,9,0,0,0,0
51513567,127.00819444444441,37.516888888888886,8,233633,20190430B03557318,0,2072531,2072521,2,3060,3060,0,9,34816,3,1,2,11650540,1556634963,20190430,233603,191,576,576,9,0,0,0,0
51513568,127.00836111111109,37.51675,9,233637,20190430B03557318,0,2072531,2072521,2,3060,3060,0,9,34816,3,1,2,11650540,1556634963,20190430,233603,191,576,576,9,0,0,0,0
51513569,127.0085277777778,37.51663888888889,10,233641,20190430B03557318,0,2072531,2072521,2,3060,3060,0,9,34816,3,1,2,11650540,1556634963,20190430,233603,191,576,576,9,0,0,0,0
51513570,127.00872222222219,37.5165,11,233645,20190430B03557318,0,2072531,2072521,2,3060,3060,0,9,34816,3,1,2,11650540,1556634963,20190430,233603,191,576,576,9,0,0,0,0
51513571,127.00891666666669,37.51641666666666,12,233649,20190430B03557318,0,2072531,2072521,2,3060,3060,0,9,34816,3,1,2,11650540,1556634963,20190430,233603,191,576,576,9,0,0,0,0
51513572,127.00913888888891,37.51636111111111,13,233652,20190430B03557318,0,2072531,2072521,2,3060,3060,0,9,34816,3,1,2,11650540,1556634963,20190430,233603,191,576,576,9,0,0,0,0
51513573,127.0093333333333,37.51627777777778,14,233656,20190430B03557318,0,2072531,2072521,2,3060,3060,0,9,34816,3,1,2,11650540,1556634963,20190430,233603,191,576,576,9,0,0,0,0
51513574,127.0095555555556,37.516222222222225,15,233700,20190430B03557318,0,2072531,2072521,2,3060,3060,0,9,34816,3,1,2,11650540,1556634963,20190430,233603,191,576,576,9,0,0,0,0
51513575,127.0095555555556,37.516222222222225,0,233701,20190430B03557318,1,2072521,2069910,3,650,3710,0,6,32768,0,2,1,11650540,1556635021,20190430,233701,323,72,648,54,31,56,56,0
51513576,127.0094166666667,37.516055555555546,1,233702,20190430B03557318,1,2072521,2069910,3,650,3710,0,6,32768,0,2,1,11650540,1556635021,20190430,233701,323,72,648,54,31,56,56,0
51513577,127.00927777777781,37.51591666666667,2,233704,20190430B03557318,1,2072521,2069910,3,650,3710,0,6,32768,0,2,1,11650540,1556635021,20190430,233701,323,72,648,54,31,56,56,0
51513578,127.00913888888891,37.51575,3,233706,20190430B03557318,1,2072521,2069910,3,650,3710,0,6,32768,0,2,1,11650540,1556635021,20190430,233701,323,72,648,54,31,56,56,0
51513579,127.00911111111108,37.515722222222216,4,233708,20190430B03557318,1,2072521,2069910,3,650,3710,0,6,32768,0,2,1,11650540,1556635021,20190430,233701,323,72,648,54,31,56,56,0
51513580,127.00911111111108,37.515722222222216,0,233708,20190430B03557318,2,2069910,2069913,3,400,4110,0,6,32768,0,2,1,11650540,1556635028,20190430,233708,516,28,676,55,31,57,57,0
51513581,127.0089722222222,37.51558333333333,1,233709,20190430B03557318,2,2069910,2069913,3,400,4110,0,6,32768,0,2,1,11650540,1556635028,20190430,233708,516,28,676,55,31,57,57,0
51513582,127.0088333333333,37.51544444444445,2,233710,20190430B03557318,2,2069910,2069913,3,400,4110,0,6,32768,0,2,1,11650540,1556635028,20190430,233708,516,28,676,55,31,57,57,0
51513583,127.0088333333333,37.51544444444445,0,233711,20190430B03557318,3,2069913,4380628,3,430,4540,0,6,32768,0,2,1,11650540,1556635031,20190430,233711,405,38,714,45,31,49,49,0
51513584,127.0086666666667,37.51527777777778,1,233712,20190430B03557318,3,2069913,4380628,3,430,4540,0,6,32768,0,2,1,11650540,1556635031,20190430,233711,405,38,714,45,31,49,49,0
51513585,127.0085277777778,37.51513888888889,2,233713,20190430B03557318,3,2069913,4380628,3,430,4540,0,6,32768,0,2,1,11650540,1556635031,20190430,233711,405,38,714,45,31,49,49,0
51513586,127.0085277777778,37.51513888888889,3,233714,20190430B03557318,3,2069913,4380628,3,430,4540,0,6,32768,0,2,1,11650540,1556635031,20190430,233711,405,38,714,45,31,49,49,0
51513587,127.0085277777778,37.51513888888889,0,233715,20190430B03557318,4,4380628,4380631,3,940,5480,0,6,32768,0,2,2,11650540,1556635035,20190430,233715,77,442,1156,45,31,55,55,0
51513588,127.00836111111109,37.51497222222222,1,233723,20190430B03557318,4,4380628,4380631,3,940,5480,0,6,32768,0,2,2,11650540,1556635035,20190430,233715,77,442,1156,45,31,55,55,0
51513589,127.00819444444441,37.51483333333334,2,233732,20190430B03557318,4,4380628,4380631,3,940,5480,0,6,32768,0,2,2,11650540,1556635035,20190430,233715,77,442,1156,45,31,55,55,0
51513590,127.00802777777781,37.51469444444444,3,233741,20190430B03557318,4,4380628,4380631,3,940,5480,0,6,32768,0,2,2,11650540,1556635035,20190430,233715,77,442,1156,45,31,55,55,0
51513591,127.00786111111108,37.51458333333333,4,233750,20190430B03557318,4,4380628,4380631,3,940,5480,0,6,32768,0,2,2,11650540,1556635035,20190430,233715,77,442,1156,45,31,55,55,0
51513592,127.0077777777778,37.5145,5,233759,20190430B03557318,4,4380628,4380631,3,940,5480,0,6,32768,0,2,2,11650540,1556635035,20190430,233715,77,442,1156,45,31,55,55,0
51513593,127.0077777777778,37.5145,0,233759,20190430B03557318,5,4380631,4217376,3,220,5700,0,6,32768,4,2,2,11650580,1556635079,20190430,233759,257,31,1187,45,31,61,61,0
51513594,127.00761111111109,37.514361111111114,1,233800,20190430B03557318,5,4380631,4217376,3,220,5700,0,6,32768,4,2,2,11650580,1556635079,20190430,233759,257,31,1187,45,31,61,61,0
51513595,127.00761111111109,37.514361111111114,2,233802,20190430B03557318,5,4380631,4217376,3,220,5700,0,6,32768,4,2,2,11650580,1556635079,20190430,233759,257,31,1187,45,31,61,61,0
51513596,127.00761111111109,37.514361111111114,0,233802,20190430B03557318,6,4217376,4217379,3,100,5800,0,6,32768,0,2,1,11650580,1556635082,20190430,233802,301,12,1199,51,31,33,33,0
51513597,127.00752777777781,37.51427777777778,1,233803,20190430B03557318,6,4217376,4217379,3,100,5800,0,6,32768,0,2,1,11650580,1556635082,20190430,233802,301,12,1199,51,31,33,33,0
51513598,127.00752777777781,37.51427777777778,0,233803,20190430B03557318,7,4217379,2075552,3,1100,6900,0,6,32768,0,2,2,11650580,1556635083,20190430,233803,385,103,1302,43,31,17,17,0
51513599,127.00738888888891,37.51413888888889,1,233804,20190430B03557318,7,4217379,2075552,3,1100,6900,0,6,32768,0,2,2,11650580,1556635083,20190430,233803,385,103,1302,43,31,17,17,0
51513600,127.00725,37.51397222222222,2,233806,20190430B03557318,7,4217379,2075552,3,1100,6900,0,6,32768,0,2,2,11650580,1556635083,20190430,233803,385,103,1302,43,31,17,17,0
51513601,127.00711111111109,37.51383333333333,3,233808,20190430B03557318,7,4217379,2075552,3,1100,6900,0,6,32768,0,2,2,11650580,1556635083,20190430,233803,385,103,1302,43,31,17,17,0
51513602,127.00697222222219,37.513694444444454,4,233809,20190430B03557318,7,4217379,2075552,3,1100,6900,0,6,32768,0,2,2,11650580,1556635083,20190430,233803,385,103,1302,43,31,17,17,0
51513603,127.0068333333333,37.51355555555556,5,233811,20190430B03557318,7,4217379,2075552,3,1100,6900,0,6,32768,0,2,2,11650580,1556635083,20190430,233803,385,103,1302,43,31,17,17,0
51513604,127.0067777777778,37.5135,6,233813,20190430B03557318,7,4217379,2075552,3,1100,6900,0,6,32768,0,2,2,11650580,1556635083,20190430,233803,385,103,1302,43,31,17,17,0
51513605,127.0067777777778,37.5135,0,233814,20190430B03557318,8,2075552,2075551,3,860,7760,0,6,32768,0,2,2,11650580,1556635094,20190430,233814,363,85,1387,26,31,21,21,0
51513606,127.00663888888892,37.51333333333334,1,233815,20190430B03557318,8,2075552,2075551,3,860,7760,0,6,32768,0,2,2,11650580,1556635094,20190430,233814,363,85,1387,26,31,21,21,0
51513607,127.0065,37.51319444444444,2,233817,20190430B03557318,8,2075552,2075551,3,860,7760,0,6,32768,0,2,2,11650580,1556635094,20190430,233814,363,85,1387,26,31,21,21,0
51513608,127.00636111111109,37.513055555555546,3,233819,20190430B03557318,8,2075552,2075551,3,860,7760,0,6,32768,0,2,2,11650580,1556635094,20190430,233814,363,85,1387,26,31,21,21,0
51513609,127.0061944444444,37.51291666666667,4,233820,20190430B03557318,8,2075552,2075551,3,860,7760,0,6,32768,0,2,2,11650580,1556635094,20190430,233814,363,85,1387,26,31,21,21,0
51513610,127.0061944444444,37.51288888888889,5,233822,20190430B03557318,8,2075552,2075551,3,860,7760,0,6,32768,0,2,2,11650580,1556635094,20190430,233814,363,85,1387,26,31,21,21,0
51513611,127.0061944444444,37.51288888888889,0,233822,20190430B03557318,9,2075551,2051063,3,240,8000,0,6,4,4,3,1,11650580,1556635102,20190430,233822,547,16,1403,23,31,37,37,0
51513612,127.00611111111108,37.512694444444435,1,233822,20190430B03557318,9,2075551,2051063,3,240,8000,0,6,4,4,3,1,11650580,1556635102,20190430,233822,547,16,1403,23,31,37,37,0
51513613,127.00611111111108,37.51266666666667,2,233823,20190430B03557318,9,2075551,2051063,3,240,8000,0,6,4,4,3,1,11650580,1556635102,20190430,233822,547,16,1403,23,31,37,37,0
51513614,127.00611111111108,37.51266666666667,0,233824,20190430B03557318,10,2051063,2066960,3,190,8190,0,6,4,0,3,1,11650580,1556635104,20190430,233824,324,21,1424,43,31,44,44,0
51513615,127.0061944444444,37.5125,1,233826,20190430B03557318,10,2051063,2066960,3,190,8190,0,6,4,0,3,1,11650580,1556635104,20190430,233824,324,21,1424,43,31,44,44,0
51513616,127.0061944444444,37.5125,0,233826,20190430B03557318,11,2066960,2066963,3,40,8230,0,6,32768,0,2,1,11650580,1556635106,20190430,233826,348,4,1428,41,31,40,40,0
51513617,127.0061944444444,37.51247222222222,1,233826,20190430B03557318,11,2066960,2066963,3,40,8230,0,6,32768,0,2,1,11650580,1556635106,20190430,233826,348,4,1428,41,31,40,40,0
51513618,127.0061944444444,37.51247222222222,0,233826,20190430B03557318,12,2066963,2056085,3,430,8660,0,6,32768,0,2,2,11650580,1556635106,20190430,233826,414,37,1465,29,31,44,44,0
51513619,127.00630555555558,37.51227777777778,1,233827,20190430B03557318,12,2066963,2056085,3,430,8660,0,6,32768,0,2,2,11650580,1556635106,20190430,233826,414,37,1465,29,31,44,44,0
51513620,127.0063888888889,37.51211111111111,2,233828,20190430B03557318,12,2066963,2056085,3,430,8660,0,6,32768,0,2,2,11650580,1556635106,20190430,233826,414,37,1465,29,31,44,44,0
51513621,127.0063888888889,37.512083333333344,3,233829,20190430B03557318,12,2066963,2056085,3,430,8660,0,6,32768,0,2,2,11650580,1556635106,20190430,233826,414,37,1465,29,31,44,44,0
51513622,127.0063888888889,37.512083333333344,0,233830,20190430B03557318,13,2056085,2069542,3,530,9190,0,6,32768,0,2,2,11650580,1556635110,20190430,233830,458,42,1507,33,31,52,52,0
51513623,127.0064722222222,37.51191666666666,1,233831,20190430B03557318,13,2056085,2069542,3,530,9190,0,6,32768,0,2,2,11650580,1556635110,20190430,233830,458,42,1507,33,31,52,52,0
51513624,127.0065555555556,37.51175,2,233832,20190430B03557318,13,2056085,2069542,3,530,9190,0,6,32768,0,2,2,11650580,1556635110,20190430,233830,458,42,1507,33,31,52,52,0
51513625,127.00661111111108,37.51163888888889,3,233834,20190430B03557318,13,2056085,2069542,3,530,9190,0,6,32768,0,2,2,11650580,1556635110,20190430,233830,458,42,1507,33,31,52,52,0
51513626,127.00661111111108,37.51163888888889,0,233834,20190430B03557318,14,2069542,2069541,3,450,9640,0,6,32768,0,2,1,11650580,1556635114,20190430,233834,408,40,1547,43,31,44,44,0
51513627,127.0066944444444,37.51147222222222,1,233835,20190430B03557318,14,2069542,2069541,3,450,9640,0,6,32768,0,2,1,11650580,1556635114,20190430,233834,408,40,1547,43,31,44,44,0
51513628,127.0067777777778,37.511305555555566,2,233836,20190430B03557318,14,2069542,2069541,3,450,9640,0,6,32768,0,2,1,11650580,1556635114,20190430,233834,408,40,1547,43,31,44,44,0
51513629,127.00680555555559,37.51125,3,233838,20190430B03557318,14,2069542,2069541,3,450,9640,0,6,32768,0,2,1,11650580,1556635114,20190430,233834,408,40,1547,43,31,44,44,0
51513630,127.00680555555559,37.51125,0,233838,20190430B03557318,15,2069541,2032681,3,210,9850,0,6,32768,0,2,2,11650580,1556635118,20190430,233838,428,18,1565,39,31,46,46,0
51513631,127.00688888888891,37.51108333333333,1,233838,20190430B03557318,15,2069541,2032681,3,210,9850,0,6,32768,0,2,2,11650580,1556635118,20190430,233838,428,18,1565,39,31,46,46,0
51513632,127.00688888888891,37.51108333333333,2,233839,20190430B03557318,15,2069541,2032681,3,210,9850,0,6,32768,0,2,2,11650580,1556635118,20190430,233838,428,18,1565,39,31,46,46,0
51513633,127.00688888888891,37.51108333333333,0,233840,20190430B03557318,16,2032681,2032850,3,360,10210,0,6,32768,4,3,3,11650580,1556635120,20190430,233840,255,51,1616,24,31,34,34,0
51513634,127.00697222222219,37.51091666666667,1,233842,20190430B03557318,16,2032681,2032850,3,360,10210,0,6,32768,4,3,3,11650580,1556635120,20190430,233840,255,51,1616,24,31,34,34,0
51513635,127.0070555555556,37.51077777777778,2,233845,20190430B03557318,16,2032681,2032850,3,360,10210,0,6,32768,4,3,3,11650580,1556635120,20190430,233840,255,51,1616,24,31,34,34,0
51513636,127.0070555555556,37.51077777777778,0,233845,20190430B03557318,17,2032850,2059308,3,170,10380,0,6,32768,0,3,1,11650580,1556635125,20190430,233845,252,24,1640,41,12,19,19,0
51513637,127.00716666666669,37.51063888888889,1,233847,20190430B03557318,17,2032850,2059308,3,170,10380,0,6,32768,0,3,1,11650580,1556635125,20190430,233845,252,24,1640,41,12,19,19,0
51513638,127.00716666666669,37.51063888888889,0,233847,20190430B03557318,18,2059308,3960487,3,760,11140,0,6,32768,0,3,2,11650580,1556635127,20190430,233847,76,362,2002,30,12,23,23,0
51513639,127.00725,37.51047222222222,1,233856,20190430B03557318,18,2059308,3960487,3,760,11140,0,6,32768,0,3,2,11650580,1556635127,20190430,233847,76,362,2002,30,12,23,23,0
51513640,127.0073333333333,37.51030555555555,2,233905,20190430B03557318,18,2059308,3960487,3,760,11140,0,6,32768,0,3,2,11650580,1556635127,20190430,233847,76,362,2002,30,12,23,23,0
51513641,127.0074444444444,37.51013888888889,3,233914,20190430B03557318,18,2059308,3960487,3,760,11140,0,6,32768,0,3,2,11650580,1556635127,20190430,233847,76,362,2002,30,12,23,23,0
51513642,127.0075,37.51,4,233923,20190430B03557318,18,2059308,3960487,3,760,11140,0,6,32768,0,3,2,11650580,1556635127,20190430,233847,76,362,2002,30,12,23,23,0
51513643,127.0075,37.51,0,233924,20190430B03557318,19,3960487,2051053,3,330,11470,0,6,32768,4,3,3,11650580,1556635164,20190430,233924,265,45,2047,19,12,31,31,0
51513644,127.00761111111109,37.50983333333333,1,233926,20190430B03557318,19,3960487,2051053,3,330,11470,0,6,32768,4,3,3,11650580,1556635164,20190430,233924,265,45,2047,19,12,31,31,0
51513645,127.0076666666667,37.50975,2,233928,20190430B03557318,19,3960487,2051053,3,330,11470,0,6,32768,4,3,3,11650580,1556635164,20190430,233924,265,45,2047,19,12,31,31,0
51513646,127.0076666666667,37.50975,0,233928,20190430B03557318,20,2051053,2051050,3,100,11570,0,6,32768,0,3,1,11650580,1556635168,20190430,233928,360,10,2057,48,12,52,52,0
51513647,127.00769444444441,37.50966666666667,1,233929,20190430B03557318,20,2051053,2051050,3,100,11570,0,6,32768,0,3,1,11650580,1556635168,20190430,233928,360,10,2057,48,12,52,52,0
51513648,127.00769444444441,37.50966666666667,0,233929,20190430B03557318,21,2051050,2051049,3,810,12380,0,6,32768,0,3,2,11650580,1556635169,20190430,233929,423,69,2126,32,12,35,35,0
51513649,127.00780555555549,37.50947222222222,1,233930,20190430B03557318,21,2051050,2051049,3,810,12380,0,6,32768,0,3,2,11650580,1556635169,20190430,233929,423,69,2126,32,12,35,35,0
51513650,127.00788888888891,37.509305555555564,2,233932,20190430B03557318,21,2051050,2051049,3,810,12380,0,6,32768,0,3,2,11650580,1556635169,20190430,233929,423,69,2126,32,12,35,35,0
51513651,127.0079722222222,37.50913888888889,3,233934,20190430B03557318,21,2051050,2051049,3,810,12380,0,6,32768,0,3,2,11650580,1556635169,20190430,233929,423,69,2126,32,12,35,35,0
51513652,127.0080833333333,37.50897222222222,4,233935,20190430B03557318,21,2051050,2051049,3,810,12380,0,6,32768,0,3,2,11650580,1556635169,20190430,233929,423,69,2126,32,12,35,35,0
51513653,127.0080833333333,37.50897222222222,0,233936,20190430B03557318,22,2051049,2051045,3,410,12790,0,6,32768,0,3,1,11650580,1556635176,20190430,233936,477,31,2157,44,12,44,44,0
51513654,127.0081666666667,37.50880555555555,1,233937,20190430B03557318,22,2051049,2051045,3,410,12790,0,6,32768,0,3,1,11650580,1556635176,20190430,233936,477,31,2157,44,12,44,44,0
51513655,127.00825,37.50863888888889,2,233939,20190430B03557318,22,2051049,2051045,3,410,12790,0,6,32768,0,3,1,11650580,1556635176,20190430,233936,477,31,2157,44,12,44,44,0
51513656,127.00825,37.50863888888889,0,233939,20190430B03557318,23,2051045,2067548,3,660,13450,0,6,32768,0,3,2,11650580,1556635179,20190430,233939,457,52,2209,41,12,33,32,0
51513657,127.00836111111109,37.50847222222222,1,233940,20190430B03557318,23,2051045,2067548,3,660,13450,0,6,32768,0,3,2,11650580,1556635179,20190430,233939,457,52,2209,41,12,33,32,0
51513658,127.0084444444445,37.508305555555566,2,233941,20190430B03557318,23,2051045,2067548,3,660,13450,0,6,32768,0,3,2,11650580,1556635179,20190430,233939,457,52,2209,41,12,33,32,0
51513659,127.00855555555559,37.50813888888889,3,233942,20190430B03557318,23,2051045,2067548,3,660,13450,0,6,32768,0,3,2,11650580,1556635179,20190430,233939,457,52,2209,41,12,33,32,0
51513660,127.0085833333333,37.50808333333333,4,233944,20190430B03557318,23,2051045,2067548,3,660,13450,0,6,32768,0,3,2,11650580,1556635179,20190430,233939,457,52,2209,41,12,33,32,0
51513661,127.0085833333333,37.50808333333333,0,233944,20190430B03557318,24,2067548,2067552,3,220,13670,0,6,4,0,3,1,11650580,1556635184,20190430,233944,978,8,2217,32,12,77,77,0
51513662,127.0086666666667,37.50791666666667,1,233944,20190430B03557318,24,2067548,2067552,3,220,13670,0,6,4,0,3,1,11650580,1556635184,20190430,233944,978,8,2217,32,12,77,77,0
51513663,127.0086666666667,37.50791666666667,2,233944,20190430B03557318,24,2067548,2067552,3,220,13670,0,6,4,0,3,1,11650580,1556635184,20190430,233944,978,8,2217,32,12,77,77,0
51513664,127.0086666666667,37.50791666666667,0,233945,20190430B03557318,25,2067552,2067551,3,150,13820,0,6,4,0,3,1,11650580,1556635185,20190430,233945,537,10,2227,21,12,4,4,0
51513665,127.00875,37.50777777777778,1,233946,20190430B03557318,25,2067552,2067551,3,150,13820,0,6,4,0,3,1,11650580,1556635185,20190430,233945,537,10,2227,21,12,4,4,0
51513666,127.00875,37.50777777777778,0,233946,20190430B03557318,26,2067551,2051016,3,490,14310,0,6,4,4,3,1,11650580,1556635186,20190430,233946,520,34,2261,19,12,8,8,0
51513667,127.0088333333333,37.50761111111111,1,233947,20190430B03557318,26,2067551,2051016,3,490,14310,0,6,4,4,3,1,11650580,1556635186,20190430,233946,520,34,2261,19,12,8,8,0
51513668,127.00894444444441,37.50744444444445,2,233948,20190430B03557318,26,2067551,2051016,3,490,14310,0,6,4,4,3,1,11650580,1556635186,20190430,233946,520,34,2261,19,12,8,8,0
51513669,127.0089722222222,37.50738888888889,3,233949,20190430B03557318,26,2067551,2051016,3,490,14310,0,6,4,4,3,1,11650580,1556635186,20190430,233946,520,34,2261,19,12,8,8,0
51513670,127.0089722222222,37.50738888888889,0,233949,20190430B03557318,27,2051016,2051015,3,170,14480,0,6,4,0,5,1,11650580,1556635189,20190430,233949,275,22,2283,35,0,42,42,0
51513671,127.00905555555559,37.50725,1,233951,20190430B03557318,27,2051016,2051015,3,170,14480,0,6,4,0,5,1,11650580,1556635189,20190430,233949,275,22,2283,35,0,42,42,0
51513672,127.00905555555559,37.50725,0,233952,20190430B03557318,28,2051015,2051012,3,340,14820,0,6,4,0,4,1,11650581,1556635192,20190430,233952,537,23,2306,42,0,42,42,0
51513673,127.00913888888891,37.50708333333333,1,233953,20190430B03557318,28,2051015,2051012,3,340,14820,0,6,4,0,4,1,11650581,1556635192,20190430,233952,537,23,2306,42,0,42,42,0
51513674,127.00922222222219,37.506944444444436,2,233954,20190430B03557318,28,2051015,2051012,3,340,14820,0,6,4,0,4,1,11650581,1556635192,20190430,233952,537,23,2306,42,0,42,42,0
51513675,127.00922222222219,37.506944444444436,0,233954,20190430B03557318,29,2051012,2053939,3,1020,15840,0,6,32768,0,4,1,11650581,1556635194,20190430,233954,585,63,2369,45,0,49,49,0
51513676,127.00930555555558,37.506777777777785,1,233955,20190430B03557318,29,2051012,2053939,3,1020,15840,0,6,32768,0,4,1,11650581,1556635194,20190430,233954,585,63,2369,45,0,49,49,0
51513677,127.0093888888889,37.50661111111111,2,233956,20190430B03557318,29,2051012,2053939,3,1020,15840,0,6,32768,0,4,1,11650581,1556635194,20190430,233954,585,63,2369,45,0,49,49,0
51513678,127.0095,37.506444444444455,3,233957,20190430B03557318,29,2051012,2053939,3,1020,15840,0,6,32768,0,4,1,11650581,1556635194,20190430,233954,585,63,2369,45,0,49,49,0
51513679,127.0095833333333,37.50627777777778,4,233959,20190430B03557318,29,2051012,2053939,3,1020,15840,0,6,32768,0,4,1,11650581,1556635194,20190430,233954,585,63,2369,45,0,49,49,0
51513680,127.0096666666667,37.50611111111111,5,234000,20190430B03557318,29,2051012,2053939,3,1020,15840,0,6,32768,0,4,1,11650581,1556635194,20190430,233954,585,63,2369,45,0,49,49,0
51513681,127.0096666666667,37.50611111111111,0,234000,20190430B03557318,30,2053939,2066888,3,670,16510,0,6,32768,0,4,2,11650581,1556635200,20190430,234000,514,47,2416,32,0,43,43,0
51513682,127.00975,37.50594444444445,1,234001,20190430B03557318,30,2053939,2066888,3,670,16510,0,6,32768,0,4,2,11650581,1556635200,20190430,234000,514,47,2416,32,0,43,43,0
51513683,127.00986111111109,37.50577777777778,2,234002,20190430B03557318,30,2053939,2066888,3,670,16510,0,6,32768,0,4,2,11650581,1556635200,20190430,234000,514,47,2416,32,0,43,43,0
51513684,127.00994444444441,37.50558333333333,3,234003,20190430B03557318,30,2053939,2066888,3,670,16510,0,6,32768,0,4,2,11650581,1556635200,20190430,234000,514,47,2416,32,0,43,43,0
51513685,127.00997222222219,37.505555555555546,4,234004,20190430B03557318,30,2053939,2066888,3,670,16510,0,6,32768,0,4,2,11650581,1556635200,20190430,234000,514,47,2416,32,0,43,43,0
51513686,127.00997222222219,37.505555555555546,0,234005,20190430B03557318,31,2066888,2066887,3,320,16830,0,6,32768,0,4,2,11650581,1556635205,20190430,234005,206,56,2472,29,0,18,16,0
51513687,127.0100555555556,37.505361111111114,1,234007,20190430B03557318,31,2066888,2066887,3,320,16830,0,6,32768,0,4,2,11650581,1556635205,20190430,234005,206,56,2472,29,0,18,16,0
51513688,127.01011111111109,37.505277777777785,2,234010,20190430B03557318,31,2066888,2066887,3,320,16830,0,6,32768,0,4,2,11650581,1556635205,20190430,234005,206,56,2472,29,0,18,16,0
51513689,127.01011111111109,37.505277777777785,0,234010,20190430B03557318,32,2066887,2051036,3,240,17070,0,6,32768,0,4,2,11650581,1556635210,20190430,234010,8,1073,3545,20,0,27,23,0
51513690,127.01019444444451,37.50508333333333,1,234103,20190430B03557318,32,2066887,2051036,3,240,17070,0,6,32768,0,4,2,11650581,1556635210,20190430,234010,8,1073,3545,20,0,27,23,0
51513691,127.01019444444451,37.50508333333333,2,234157,20190430B03557318,32,2066887,2051036,3,240,17070,0,6,32768,0,4,2,11650581,1556635210,20190430,234010,8,1073,3545,20,0,27,23,0
51513692,127.01019444444451,37.50508333333333,0,234158,20190430B03557318,33,2051036,2051039,3,140,17210,0,6,4,0,4,2,11650581,1556635318,20190430,234158,171,29,3574,22,0,42,42,0
51513693,127.0102777777778,37.504944444444455,1,234200,20190430B03557318,33,2051036,2051039,3,140,17210,0,6,4,0,4,2,11650581,1556635318,20190430,234158,171,29,3574,22,0,42,42,0
51513694,127.0102777777778,37.504944444444455,0,234201,20190430B03557318,34,2051039,2051030,3,270,17480,0,6,4,4,5,2,11650581,1556635321,20190430,234201,260,37,3611,33,0,49,39,0
51513695,127.01036111111108,37.50477777777778,1,234202,20190430B03557318,34,2051039,2051030,3,270,17480,0,6,4,4,5,2,11650581,1556635321,20190430,234201,260,37,3611,33,0,49,39,0
51513696,127.01038888888891,37.50472222222222,2,234204,20190430B03557318,34,2051039,2051030,3,270,17480,0,6,4,4,5,2,11650581,1556635321,20190430,234201,260,37,3611,33,0,49,39,0
51513697,127.01038888888891,37.50472222222222,0,234204,20190430B03557318,35,2051030,2051029,3,370,17850,0,6,4,0,3,1,11650581,1556635324,20190430,234204,358,37,3648,42,0,40,40,0
51513698,127.01047222222219,37.50452777777778,1,234205,20190430B03557318,35,2051030,2051029,3,370,17850,0,6,4,0,3,1,11650581,1556635324,20190430,234204,358,37,3648,42,0,40,40,0
51513699,127.01052777777781,37.50438888888889,2,234207,20190430B03557318,35,2051030,2051029,3,370,17850,0,6,4,0,3,1,11650581,1556635324,20190430,234204,358,37,3648,42,0,40,40,0
51513700,127.01052777777781,37.50438888888889,0,234208,20190430B03557318,36,2051029,2051027,3,100,17950,0,6,4,0,3,1,11650581,1556635328,20190430,234208,433,8,3656,46,0,53,53,0
51513701,127.0105833333333,37.50430555555555,1,234208,20190430B03557318,36,2051029,2051027,3,100,17950,0,6,4,0,3,1,11650581,1556635328,20190430,234208,433,8,3656,46,0,53,53,0
51513702,127.0105833333333,37.50430555555555,0,234209,20190430B03557318,37,2051027,2056062,3,980,18930,0,6,32768,0,3,2,11650581,1556635329,20190430,234209,550,64,3720,34,0,49,49,0
51513703,127.0106666666667,37.50413888888889,1,234210,20190430B03557318,37,2051027,2056062,3,980,18930,0,6,32768,0,3,2,11650581,1556635329,20190430,234209,550,64,3720,34,0,49,49,0
51513704,127.0107777777778,37.50397222222222,2,234211,20190430B03557318,37,2051027,2056062,3,980,18930,0,6,32768,0,3,2,11650581,1556635329,20190430,234209,550,64,3720,34,0,49,49,0
51513705,127.01086111111108,37.503805555555566,3,234212,20190430B03557318,37,2051027,2056062,3,980,18930,0,6,32768,0,3,2,11650581,1556635329,20190430,234209,550,64,3720,34,0,49,49,0
51513706,127.0109444444444,37.50363888888889,4,234214,20190430B03557318,37,2051027,2056062,3,980,18930,0,6,32768,0,3,2,11650581,1556635329,20190430,234209,550,64,3720,34,0,49,49,0
51513707,127.01102777777781,37.5035,5,234215,20190430B03557318,37,2051027,2056062,3,980,18930,0,6,32768,0,3,2,11650581,1556635329,20190430,234209,550,64,3720,34,0,49,49,0
51513708,127.01102777777781,37.5035,0,234215,20190430B03557318,38,2056062,2056065,3,440,19370,0,6,32768,0,3,1,11650581,1556635335,20190430,234215,596,27,3747,47,0,51,51,0
51513709,127.01111111111109,37.50333333333333,1,234215,20190430B03557318,38,2056062,2056065,3,440,19370,0,6,32768,0,3,1,11650581,1556635335,20190430,234215,596,27,3747,47,0,51,51,0
51513710,127.01119444444441,37.50313888888889,2,234216,20190430B03557318,38,2056062,2056065,3,440,19370,0,6,32768,0,3,1,11650581,1556635335,20190430,234215,596,27,3747,47,0,51,51,0
51513711,127.0112222222222,37.50313888888889,3,234217,20190430B03557318,38,2056062,2056065,3,440,19370,0,6,32768,0,3,1,11650581,1556635335,20190430,234215,596,27,3747,47,0,51,51,0
51513712,127.0112222222222,37.50313888888889,0,234218,20190430B03557318,39,2056065,2051025,3,230,19600,0,6,32768,0,3,2,11650581,1556635338,20190430,234218,566,15,3762,30,0,56,56,0
51513713,127.0113055555556,37.50294444444445,1,234218,20190430B03557318,39,2056065,2051025,3,230,19600,0,6,32768,0,3,2,11650581,1556635338,20190430,234218,566,15,3762,30,0,56,56,0
51513714,127.0113055555556,37.50294444444445,2,234219,20190430B03557318,39,2056065,2051025,3,230,19600,0,6,32768,0,3,2,11650581,1556635338,20190430,234218,566,15,3762,30,0,56,56,0
51513715,127.0113055555556,37.50294444444445,0,234220,20190430B03557318,40,2051025,2051022,3,40,19640,0,6,32768,0,3,2,11650581,1556635340,20190430,234220,496,3,3765,47,0,52,52,0
51513716,127.0113333333333,37.50288888888889,1,234220,20190430B03557318,40,2051025,2051022,3,40,19640,0,6,32768,0,3,2,11650581,1556635340,20190430,234220,496,3,3765,47,0,52,52,0
51513717,127.0113333333333,37.50288888888889,0,234220,20190430B03557318,41,2051022,2008287,3,140,19780,0,6,32768,0,3,1,11650581,1556635340,20190430,234220,253,20,3785,45,0,54,54,0
51513718,127.01138888888892,37.50277777777778,1,234222,20190430B03557318,41,2051022,2008287,3,140,19780,0,6,32768,0,3,1,11650581,1556635340,20190430,234220,253,20,3785,45,0,54,54,0
51513719,127.01138888888892,37.50277777777778,0,234222,20190430B03557318,42,2008287,3960264,3,250,20030,0,6,32768,4,3,3,11650581,1556635342,20190430,234222,652,14,3799,39,0,52,52,0
51513720,127.0114722222222,37.50258333333333,1,234222,20190430B03557318,42,2008287,3960264,3,250,20030,0,6,32768,4,3,3,11650581,1556635342,20190430,234222,652,14,3799,39,0,52,52,0
51513721,127.0115,37.502555555555546,2,234223,20190430B03557318,42,2008287,3960264,3,250,20030,0,6,32768,4,3,3,11650581,1556635342,20190430,234222,652,14,3799,39,0,52,52,0
51513722,127.0115,37.502555555555546,0,234223,20190430B03557318,43,3960264,3960267,3,80,20110,0,6,4,0,3,1,11650581,1556635343,20190430,234223,775,4,3803,54,0,62,62,0
51513723,127.0115277777778,37.5025,1,234223,20190430B03557318,43,3960264,3960267,3,80,20110,0,6,4,0,3,1,11650581,1556635343,20190430,234223,775,4,3803,54,0,62,62,0
51513724,127.0115277777778,37.5025,0,234224,20190430B03557318,44,3960267,2023155,3,230,20340,0,6,32768,0,3,1,11650581,1556635344,20190430,234224,624,13,3816,51,0,43,43,0
51513725,127.0116111111111,37.502305555555566,1,234224,20190430B03557318,44,3960267,2023155,3,230,20340,0,6,32768,0,3,1,11650581,1556635344,20190430,234224,624,13,3816,51,0,43,43,0
51513726,127.0116111111111,37.502277777777785,2,234225,20190430B03557318,44,3960267,2023155,3,230,20340,0,6,32768,0,3,1,11650581,1556635344,20190430,234224,624,13,3816,51,0,43,43,0
51513727,127.0116111111111,37.502277777777785,0,234225,20190430B03557318,45,2023155,2017314,3,840,21180,0,6,32768,0,3,2,11650581,1556635345,20190430,234225,678,45,3861,41,0,59,59,0
51513728,127.0116944444444,37.50211111111111,1,234225,20190430B03557318,45,2023155,2017314,3,840,21180,0,6,32768,0,3,2,11650581,1556635345,20190430,234225,678,45,3861,41,0,59,59,0
51513729,127.01175,37.501916666666666,2,234226,20190430B03557318,45,2023155,2017314,3,840,21180,0,6,32768,0,3,2,11650581,1556635345,20190430,234225,678,45,3861,41,0,59,59,0
51513730,127.0118055555556,37.50175,3,234227,20190430B03557318,45,2023155,2017314,3,840,21180,0,6,32768,0,3,2,11650581,1556635345,20190430,234225,678,45,3861,41,0,59,59,0
51513731,127.01186111111109,37.50155555555556,4,234228,20190430B03557318,45,2023155,2017314,3,840,21180,0,6,32768,0,3,2,11650581,1556635345,20190430,234225,678,45,3861,41,0,59,59,0
51513732,127.01186111111109,37.50155555555556,5,234229,20190430B03557318,45,2023155,2017314,3,840,21180,0,6,32768,0,3,2,11650581,1556635345,20190430,234225,678,45,3861,41,0,59,59,0
51513733,127.01186111111109,37.50155555555556,0,234229,20190430B03557318,46,2017314,2017313,3,420,21600,0,6,32768,3,3,2,11650581,1556635349,20190430,234229,639,24,3885,38,0,68,68,0
51513734,127.01188888888892,37.50136111111111,1,234229,20190430B03557318,46,2017314,2017313,3,420,21600,0,6,32768,3,3,2,11650581,1556635349,20190430,234229,639,24,3885,38,0,68,68,0
51513735,127.01194444444441,37.50116666666667,2,234230,20190430B03557318,46,2017314,2017313,3,420,21600,0,6,32768,3,3,2,11650581,1556635349,20190430,234229,639,24,3885,38,0,68,68,0
51513736,127.01194444444441,37.50116666666667,3,234231,20190430B03557318,46,2017314,2017313,3,420,21600,0,6,32768,3,3,2,11650581,1556635349,20190430,234229,639,24,3885,38,0,68,68,0
51513737,127.01194444444441,37.50116666666667,0,234232,20190430B03557318,47,2017313,2017344,3,200,21800,0,6,32768,0,5,1,11650581,1556635352,20190430,234232,712,10,3895,56,0,71,71,0
51513738,127.012,37.50097222222222,1,234233,20190430B03557318,47,2017313,2017344,3,200,21800,0,6,32768,0,5,1,11650581,1556635352,20190430,234232,712,10,3895,56,0,71,71,0
51513739,127.012,37.50097222222222,0,234233,20190430B03557318,48,2017344,2017347,3,900,22700,0,6,32768,0,3,2,11650560,1556635353,20190430,234233,616,53,3948,53,0,68,68,0
51513740,127.0120277777778,37.500805555555566,1,234234,20190430B03557318,48,2017344,2017347,3,900,22700,0,6,32768,0,3,2,11650560,1556635353,20190430,234233,616,53,3948,53,0,68,68,0
51513741,127.01208333333331,37.50061111111111,2,234235,20190430B03557318,48,2017344,2017347,3,900,22700,0,6,32768,0,3,2,11650560,1556635353,20190430,234233,616,53,3948,53,0,68,68,0
51513742,127.01211111111108,37.500444444444454,3,234236,20190430B03557318,48,2017344,2017347,3,900,22700,0,6,32768,0,3,2,11650560,1556635353,20190430,234233,616,53,3948,53,0,68,68,0
51513743,127.0121666666667,37.50025,4,234237,20190430B03557318,48,2017344,2017347,3,900,22700,0,6,32768,0,3,2,11650560,1556635353,20190430,234233,616,53,3948,53,0,68,68,0
51513744,127.0121666666667,37.50019444444445,5,234238,20190430B03557318,48,2017344,2017347,3,900,22700,0,6,32768,0,3,2,11650560,1556635353,20190430,234233,616,53,3948,53,0,68,68,0
51513745,127.0121666666667,37.50019444444445,0,234238,20190430B03557318,49,2017347,2017317,3,180,22880,0,6,32768,3,3,2,11650581,1556635358,20190430,234238,312,21,3969,55,0,58,58,0
51513746,127.01222222222219,37.50002777777778,1,234240,20190430B03557318,49,2017347,2017317,3,180,22880,0,6,32768,3,3,2,11650581,1556635358,20190430,234238,312,21,3969,55,0,58,58,0
51513747,127.01222222222219,37.50002777777778,0,234240,20190430B03557318,50,2017317,2009285,3,240,23120,0,6,32768,0,3,2,11650560,1556635360,20190430,234240,638,14,3983,38,0,60,60,0
51513748,127.01225,37.49983333333333,1,234240,20190430B03557318,50,2017317,2009285,3,240,23120,0,6,32768,0,3,2,11650560,1556635360,20190430,234240,638,14,3983,38,0,60,60,0
51513749,127.01225,37.49980555555555,2,234241,20190430B03557318,50,2017317,2009285,3,240,23120,0,6,32768,0,3,2,11650560,1556635360,20190430,234240,638,14,3983,38,0,60,60,0
51513750,127.01225,37.49980555555555,0,234241,20190430B03557318,51,2009285,2008210,3,440,23560,0,6,32768,4,3,2,11650581,1556635361,20190430,234241,551,29,4012,34,0,60,57,0
51513751,127.01230555555559,37.499611111111115,1,234241,20190430B03557318,51,2009285,2008210,3,440,23560,0,6,32768,4,3,2,11650581,1556635361,20190430,234241,551,29,4012,34,0,60,57,0
51513752,127.0123333333333,37.499444444444435,2,234242,20190430B03557318,51,2009285,2008210,3,440,23560,0,6,32768,4,3,2,11650581,1556635361,20190430,234241,551,29,4012,34,0,60,57,0
51513753,127.01236111111109,37.49941666666667,3,234243,20190430B03557318,51,2009285,2008210,3,440,23560,0,6,32768,4,3,2,11650581,1556635361,20190430,234241,551,29,4012,34,0,60,57,0
51513754,127.01236111111109,37.49941666666667,0,234244,20190430B03557318,52,2008210,2009282,3,120,23680,0,6,32768,0,2,1,11650531,1556635364,20190430,234244,591,7,4019,55,0,63,63,0
51513755,127.0123888888889,37.499305555555566,1,234244,20190430B03557318,52,2008210,2009282,3,120,23680,0,6,32768,0,2,1,11650531,1556635364,20190430,234244,591,7,4019,55,0,63,63,0
51513756,127.0123888888889,37.499305555555566,0,234245,20190430B03557318,53,2009282,2014788,3,280,23960,0,6,32768,0,3,2,11650531,1556635365,20190430,234245,526,19,4038,37,0,60,60,0
51513757,127.0124166666667,37.49911111111111,1,234245,20190430B03557318,53,2009282,2014788,3,280,23960,0,6,32768,0,3,2,11650531,1556635365,20190430,234245,526,19,4038,37,0,60,60,0
51513758,127.01244444444441,37.499055555555564,2,234246,20190430B03557318,53,2009282,2014788,3,280,23960,0,6,32768,0,3,2,11650531,1556635365,20190430,234245,526,19,4038,37,0,60,60,0
51513759,127.01244444444441,37.499055555555564,0,234247,20190430B03557318,54,2014788,2021466,3,690,24650,0,6,32768,4,3,3,11650581,1556635367,20190430,234247,586,42,4080,28,0,68,68,0
51513760,127.0124722222222,37.49886111111111,1,234248,20190430B03557318,54,2014788,2021466,3,690,24650,0,6,32768,4,3,3,11650581,1556635367,20190430,234247,586,42,4080,28,0,68,68,0
51513761,127.0125277777778,37.49866666666667,2,234249,20190430B03557318,54,2014788,2021466,3,690,24650,0,6,32768,4,3,3,11650581,1556635367,20190430,234247,586,42,4080,28,0,68,68,0
51513762,127.0125555555556,37.4985,3,234250,20190430B03557318,54,2014788,2021466,3,690,24650,0,6,32768,4,3,3,11650581,1556635367,20190430,234247,586,42,4080,28,0,68,68,0
51513763,127.0125833333333,37.49841666666666,4,234251,20190430B03557318,54,2014788,2021466,3,690,24650,0,6,32768,4,3,3,11650581,1556635367,20190430,234247,586,42,4080,28,0,68,68,0
51513764,127.0125833333333,37.49841666666666,0,234251,20190430B03557318,55,2021466,2021520,3,320,24970,0,6,32768,0,3,1,11650581,1556635371,20190430,234251,602,19,4099,50,0,58,58,0
51513765,127.01263888888892,37.49822222222222,1,234251,20190430B03557318,55,2021466,2021520,3,320,24970,0,6,32768,0,3,1,11650581,1556635371,20190430,234251,602,19,4099,50,0,58,58,0
51513766,127.0126666666667,37.49813888888889,2,234252,20190430B03557318,55,2021466,2021520,3,320,24970,0,6,32768,0,3,1,11650581,1556635371,20190430,234251,602,19,4099,50,0,58,58,0
51513767,127.0126666666667,37.49813888888889,0,234253,20190430B03557318,56,2021520,2023842,3,660,25630,0,6,32768,0,3,2,11650531,1556635373,20190430,234253,611,39,4138,55,0,51,51,0
51513768,127.0126944444444,37.497944444444435,1,234253,20190430B03557318,56,2021520,2023842,3,660,25630,0,6,32768,0,3,2,11650531,1556635373,20190430,234253,611,39,4138,55,0,51,51,0
51513769,127.01275,37.497777777777785,2,234254,20190430B03557318,56,2021520,2023842,3,660,25630,0,6,32768,0,3,2,11650531,1556635373,20190430,234253,611,39,4138,55,0,51,51,0
51513770,127.01280555555559,37.49758333333333,3,234255,20190430B03557318,56,2021520,2023842,3,660,25630,0,6,32768,0,3,2,11650531,1556635373,20190430,234253,611,39,4138,55,0,51,51,0
51513771,127.01280555555559,37.497555555555564,4,234256,20190430B03557318,56,2021520,2023842,3,660,25630,0,6,32768,0,3,2,11650531,1556635373,20190430,234253,611,39,4138,55,0,51,51,0
51513772,127.01280555555559,37.497555555555564,0,234257,20190430B03557318,57,2023842,2023841,3,580,26210,0,6,32768,0,3,2,11650530,1556635377,20190430,234257,610,34,4172,41,0,50,50,0
51513773,127.0128333333333,37.49736111111111,1,234258,20190430B03557318,57,2023842,2023841,3,580,26210,0,6,32768,0,3,2,11650530,1556635377,20190430,234257,610,34,4172,41,0,50,50,0
51513774,127.01288888888891,37.49716666666666,2,234259,20190430B03557318,57,2023842,2023841,3,580,26210,0,6,32768,0,3,2,11650530,1556635377,20190430,234257,610,34,4172,41,0,50,50,0
51513775,127.0129166666667,37.49702777777778,3,234300,20190430B03557318,57,2023842,2023841,3,580,26210,0,6,32768,0,3,2,11650530,1556635377,20190430,234257,610,34,4172,41,0,50,50,0
51513776,127.0129166666667,37.49702777777778,0,234300,20190430B03557318,58,2023841,2023469,3,330,26540,0,6,32768,4,3,2,11650530,1556635380,20190430,234300,707,17,4189,35,0,39,37,0
51513777,127.01294444444441,37.49683333333333,1,234300,20190430B03557318,58,2023841,2023469,3,330,26540,0,6,32768,4,3,2,11650530,1556635380,20190430,234300,707,17,4189,35,0,39,37,0
51513778,127.01297222222219,37.49672222222222,2,234301,20190430B03557318,58,2023841,2023469,3,330,26540,0,6,32768,4,3,2,11650530,1556635380,20190430,234300,707,17,4189,35,0,39,37,0
51513779,127.01297222222219,37.49672222222222,0,234302,20190430B03557318,59,2023469,2009530,3,1140,27680,0,6,32768,0,3,2,11650530,1556635382,20190430,234302,450,91,4280,40,0,30,30,0
51513780,127.01302777777781,37.496555555555545,1,234303,20190430B03557318,59,2023469,2009530,3,1140,27680,0,6,32768,0,3,2,11650530,1556635382,20190430,234302,450,91,4280,40,0,30,30,0
51513781,127.0130555555556,37.49636111111111,2,234305,20190430B03557318,59,2023469,2009530,3,1140,27680,0,6,32768,0,3,2,11650530,1556635382,20190430,234302,450,91,4280,40,0,30,30,0
51513782,127.01311111111109,37.496194444444434,3,234306,20190430B03557318,59,2023469,2009530,3,1140,27680,0,6,32768,0,3,2,11650530,1556635382,20190430,234302,450,91,4280,40,0,30,30,0
51513783,127.01313888888892,37.496,4,234308,20190430B03557318,59,2023469,2009530,3,1140,27680,0,6,32768,0,3,2,11650530,1556635382,20190430,234302,450,91,4280,40,0,30,30,0
51513784,127.01319444444451,37.49580555555556,5,234309,20190430B03557318,59,2023469,2009530,3,1140,27680,0,6,32768,0,3,2,11650530,1556635382,20190430,234302,450,91,4280,40,0,30,30,0
51513785,127.0132222222222,37.49572222222222,6,234311,20190430B03557318,59,2023469,2009530,3,1140,27680,0,6,32768,0,3,2,11650530,1556635382,20190430,234302,450,91,4280,40,0,30,30,0
51513786,127.0132222222222,37.49572222222222,0,234311,20190430B03557318,60,2009530,2009529,3,250,27930,0,6,32768,4,3,1,11650530,1556635391,20190430,234311,420,21,4301,41,0,35,35,0
51513787,127.0132777777778,37.49552777777778,1,234312,20190430B03557318,60,2009530,2009529,3,250,27930,0,6,32768,4,3,1,11650530,1556635391,20190430,234311,420,21,4301,41,0,35,35,0
51513788,127.0132777777778,37.4955,2,234313,20190430B03557318,60,2009530,2009529,3,250,27930,0,6,32768,4,3,1,11650530,1556635391,20190430,234311,420,21,4301,41,0,35,35,0
51513789,127.0132777777778,37.4955,0,234313,20190430B03557318,61,2009529,2021896,3,250,28180,0,6,32768,0,3,1,11650530,1556635393,20190430,234313,439,20,4321,47,0,44,44,0
51513790,127.0133333333333,37.49530555555555,1,234314,20190430B03557318,61,2009529,2021896,3,250,28180,0,6,32768,0,3,1,11650530,1556635393,20190430,234313,439,20,4321,47,0,44,44,0
51513791,127.0133333333333,37.49525,2,234315,20190430B03557318,61,2009529,2021896,3,250,28180,0,6,32768,0,3,1,11650530,1556635393,20190430,234313,439,20,4321,47,0,44,44,0
51513792,127.0133333333333,37.49525,0,234315,20190430B03557318,62,2021896,2021895,3,160,28340,0,6,32768,0,3,2,11650530,1556635395,20190430,234315,475,12,4333,37,0,34,34,0
51513793,127.01336111111108,37.495111111111115,1,234316,20190430B03557318,62,2021896,2021895,3,160,28340,0,6,32768,0,3,2,11650530,1556635395,20190430,234315,475,12,4333,37,0,34,34,0
51513794,127.01336111111108,37.495111111111115,0,234317,20190430B03557318,63,2021895,2008223,3,890,29230,0,6,32768,0,3,2,11650530,1556635397,20190430,234317,381,84,4417,30,0,37,37,0
51513795,127.0134166666667,37.49491666666667,1,234318,20190430B03557318,63,2021895,2008223,3,890,29230,0,6,32768,0,3,2,11650530,1556635397,20190430,234317,381,84,4417,30,0,37,37,0
51513796,127.0134444444444,37.49475,2,234320,20190430B03557318,63,2021895,2008223,3,890,29230,0,6,32768,0,3,2,11650530,1556635397,20190430,234317,381,84,4417,30,0,37,37,0
51513797,127.0135,37.494555555555564,3,234322,20190430B03557318,63,2021895,2008223,3,890,29230,0,6,32768,0,3,2,11650530,1556635397,20190430,234317,381,84,4417,30,0,37,37,0
51513798,127.01352777777781,37.49436111111111,4,234323,20190430B03557318,63,2021895,2008223,3,890,29230,0,6,32768,0,3,2,11650530,1556635397,20190430,234317,381,84,4417,30,0,37,37,0
51513799,127.0135555555556,37.49433333333333,5,234325,20190430B03557318,63,2021895,2008223,3,890,29230,0,6,32768,0,3,2,11650530,1556635397,20190430,234317,381,84,4417,30,0,37,37,0
51513800,127.0135555555556,37.49433333333333,0,234325,20190430B03557318,64,2008223,2008214,3,200,29430,0,6,32768,0,3,2,11650531,1556635405,20190430,234325,20,357,4774,32,0,38,24,0
51513801,127.0135833333333,37.49413888888889,1,234400,20190430B03557318,64,2008223,2008214,3,200,29430,0,6,32768,0,3,2,11650531,1556635405,20190430,234325,20,357,4774,32,0,38,24,0
51513802,127.0135833333333,37.49413888888889,0,234401,20190430B03557318,65,2008214,2008229,3,350,29780,0,6,4,0,3,2,11650530,1556635441,20190430,234401,268,47,4821,28,0,22,22,0
51513803,127.01361111111109,37.49394444444444,1,234403,20190430B03557318,65,2008214,2008229,3,350,29780,0,6,4,0,3,2,11650530,1556635441,20190430,234401,268,47,4821,28,0,22,22,0
51513804,127.0136388888889,37.49383333333333,2,234405,20190430B03557318,65,2008214,2008229,3,350,29780,0,6,4,0,3,2,11650530,1556635441,20190430,234401,268,47,4821,28,0,22,22,0
51513805,127.0136388888889,37.49383333333333,0,234405,20190430B03557318,66,2008229,2008198,1,150,29930,0,6,4,4,3,2,11650530,1556635445,20190430,234405,420,13,4834,42,0,42,37,0
51513806,127.0136388888889,37.493694444444436,1,234406,20190430B03557318,66,2008229,2008198,1,150,29930,0,6,4,4,3,2,11650530,1556635445,20190430,234405,420,13,4834,42,0,42,37,0
51513807,127.0136388888889,37.493694444444436,0,234407,20190430B03557318,67,2008198,2008227,3,190,30120,0,6,4,0,3,1,11650530,1556635447,20190430,234407,294,23,4857,42,0,30,30,0
51513808,127.01386111111108,37.49375,1,234409,20190430B03557318,67,2008198,2008227,3,190,30120,0,6,4,0,3,1,11650530,1556635447,20190430,234407,294,23,4857,42,0,30,30,0
51513809,127.01386111111108,37.49375,0,234409,20190430B03557318,68,2008227,2009446,3,300,30420,0,6,4,0,3,1,11650531,1556635449,20190430,234409,393,27,4884,43,0,44,44,0
51513810,127.0140833333333,37.49380555555555,1,234410,20190430B03557318,68,2008227,2009446,3,300,30420,0,6,4,0,3,1,11650531,1556635449,20190430,234409,393,27,4884,43,0,44,44,0
51513811,127.01419444444441,37.49383333333333,2,234411,20190430B03557318,68,2008227,2009446,3,300,30420,0,6,4,0,3,1,11650531,1556635449,20190430,234409,393,27,4884,43,0,44,44,0
51513812,127.01419444444441,37.49383333333333,0,234412,20190430B03557318,69,2009446,2009460,3,120,30540,0,6,32768,0,3,2,11650531,1556635452,20190430,234412,443,10,4894,31,0,47,41,0
51513813,127.0143055555556,37.49388888888889,1,234413,20190430B03557318,69,2009446,2009460,3,120,30540,0,6,32768,0,3,2,11650531,1556635452,20190430,234412,443,10,4894,31,0,47,41,0
51513814,127.0143055555556,37.49388888888889,0,234413,20190430B03557318,70,2009460,2009470,3,1200,31740,0,6,32768,0,3,2,11650531,1556635453,20190430,234413,454,95,4989,29,0,53,53,0
51513815,127.0145277777778,37.49394444444444,1,234414,20190430B03557318,70,2009460,2009470,3,1200,31740,0,6,32768,0,3,2,11650531,1556635453,20190430,234413,454,95,4989,29,0,53,53,0
51513816,127.01475,37.494,2,234416,20190430B03557318,70,2009460,2009470,3,1200,31740,0,6,32768,0,3,2,11650531,1556635453,20190430,234413,454,95,4989,29,0,53,53,0
51513817,127.0149722222222,37.49408333333334,3,234417,20190430B03557318,70,2009460,2009470,3,1200,31740,0,6,32768,0,3,2,11650531,1556635453,20190430,234413,454,95,4989,29,0,53,53,0
51513818,127.0151666666667,37.49413888888889,4,234419,20190430B03557318,70,2009460,2009470,3,1200,31740,0,6,32768,0,3,2,11650531,1556635453,20190430,234413,454,95,4989,29,0,53,53,0
51513819,127.0153888888889,37.49419444444445,5,234420,20190430B03557318,70,2009460,2009470,3,1200,31740,0,6,32768,0,3,2,11650531,1556635453,20190430,234413,454,95,4989,29,0,53,53,0
51513820,127.0155833333333,37.494277777777775,6,234422,20190430B03557318,70,2009460,2009470,3,1200,31740,0,6,32768,0,3,2,11650531,1556635453,20190430,234413,454,95,4989,29,0,53,53,0
51513821,127.0155833333333,37.494277777777775,0,234422,20190430B03557318,71,2009470,2021112,3,1050,32790,0,6,32768,0,3,2,11650531,1556635462,20190430,234422,486,78,5067,35,0,59,59,0
51513822,127.01580555555559,37.49433333333333,1,234423,20190430B03557318,71,2009470,2021112,3,1050,32790,0,6,32768,0,3,2,11650531,1556635462,20190430,234422,486,78,5067,35,0,59,59,0
51513823,127.01602777777781,37.494388888888885,2,234424,20190430B03557318,71,2009470,2021112,3,1050,32790,0,6,32768,0,3,2,11650531,1556635462,20190430,234422,486,78,5067,35,0,59,59,0
51513824,127.0162222222222,37.49447222222222,3,234425,20190430B03557318,71,2009470,2021112,3,1050,32790,0,6,32768,0,3,2,11650531,1556635462,20190430,234422,486,78,5067,35,0,59,59,0
51513825,127.0164444444444,37.49452777777778,4,234427,20190430B03557318,71,2009470,2021112,3,1050,32790,0,6,32768,0,3,2,11650531,1556635462,20190430,234422,486,78,5067,35,0,59,59,0
51513826,127.0166666666667,37.49458333333333,5,234428,20190430B03557318,71,2009470,2021112,3,1050,32790,0,6,32768,0,3,2,11650531,1556635462,20190430,234422,486,78,5067,35,0,59,59,0
51513827,127.0167222222222,37.49461111111111,6,234429,20190430B03557318,71,2009470,2021112,3,1050,32790,0,6,32768,0,3,2,11650531,1556635462,20190430,234422,486,78,5067,35,0,59,59,0
51513828,127.0167222222222,37.49461111111111,0,234430,20190430B03557318,72,2021112,2017671,3,310,33100,0,6,32768,0,3,2,11650531,1556635470,20190430,234430,642,17,5084,51,0,61,61,0
51513829,127.0169166666667,37.49466666666667,1,234430,20190430B03557318,72,2021112,2017671,3,310,33100,0,6,32768,0,3,2,11650531,1556635470,20190430,234430,642,17,5084,51,0,61,61,0
51513830,127.0170277777778,37.494722222222215,2,234431,20190430B03557318,72,2021112,2017671,3,310,33100,0,6,32768,0,3,2,11650531,1556635470,20190430,234430,642,17,5084,51,0,61,61,0
51513831,127.0170277777778,37.494722222222215,0,234432,20190430B03557318,73,2017671,4410118,3,510,33610,0,6,32768,3,3,2,11650531,1556635472,20190430,234432,678,27,5111,45,0,54,54,0
51513832,127.01725,37.494777777777784,1,234432,20190430B03557318,73,2017671,4410118,3,510,33610,0,6,32768,3,3,2,11650531,1556635472,20190430,234432,678,27,5111,45,0,54,54,0
51513833,127.0174722222222,37.49483333333333,2,234433,20190430B03557318,73,2017671,4410118,3,510,33610,0,6,32768,3,3,2,11650531,1556635472,20190430,234432,678,27,5111,45,0,54,54,0
51513834,127.0175833333333,37.49488888888889,3,234434,20190430B03557318,73,2017671,4410118,3,510,33610,0,6,32768,3,3,2,11650531,1556635472,20190430,234432,678,27,5111,45,0,54,54,0
51513835,127.0175833333333,37.49488888888889,0,234434,20190430B03557318,74,4410118,2009493,3,280,33890,0,6,32768,0,3,2,11650531,1556635474,20190430,234434,628,16,5127,45,0,58,58,0
51513836,127.0178055555556,37.494944444444435,1,234434,20190430B03557318,74,4410118,2009493,3,280,33890,0,6,32768,0,3,2,11650531,1556635474,20190430,234434,628,16,5127,45,0,58,58,0
51513837,127.01788888888892,37.494972222222216,2,234435,20190430B03557318,74,4410118,2009493,3,280,33890,0,6,32768,0,3,2,11650531,1556635474,20190430,234434,628,16,5127,45,0,58,58,0
51513838,127.01788888888892,37.494972222222216,0,234436,20190430B03557318,75,2009493,2021114,3,570,34460,0,6,32768,0,3,1,11650531,1556635476,20190430,234436,682,30,5157,57,0,48,48,0
51513839,127.01811111111108,37.49502777777778,1,234437,20190430B03557318,75,2009493,2021114,3,570,34460,0,6,32768,0,3,1,11650531,1556635476,20190430,234436,682,30,5157,57,0,48,48,0
51513840,127.01830555555559,37.495111111111115,2,234438,20190430B03557318,75,2009493,2021114,3,570,34460,0,6,32768,0,3,1,11650531,1556635476,20190430,234436,682,30,5157,57,0,48,48,0
51513841,127.0185,37.49516666666667,3,234439,20190430B03557318,75,2009493,2021114,3,570,34460,0,6,32768,0,3,1,11650531,1556635476,20190430,234436,682,30,5157,57,0,48,48,0
51513842,127.0185,37.49516666666667,0,234439,20190430B03557318,76,2021114,2021119,3,500,34960,0,6,32768,0,3,2,11650531,1556635479,20190430,234439,763,24,5181,39,0,53,53,0
51513843,127.0187222222222,37.49522222222222,1,234439,20190430B03557318,76,2021114,2021119,3,500,34960,0,6,32768,0,3,2,11650531,1556635479,20190430,234439,763,24,5181,39,0,53,53,0
51513844,127.0189166666667,37.49527777777778,2,234440,20190430B03557318,76,2021114,2021119,3,500,34960,0,6,32768,0,3,2,11650531,1556635479,20190430,234439,763,24,5181,39,0,53,53,0
51513845,127.01902777777781,37.49533333333333,3,234441,20190430B03557318,76,2021114,2021119,3,500,34960,0,6,32768,0,3,2,11650531,1556635479,20190430,234439,763,24,5181,39,0,53,53,0
51513846,127.01902777777781,37.49533333333333,0,234441,20190430B03557318,77,2021119,2021116,3,1020,35980,0,6,32768,0,3,2,11650531,1556635481,20190430,234441,733,50,5231,56,0,64,64,0
51513847,127.01925,37.49538888888889,1,234442,20190430B03557318,77,2021119,2021116,3,1020,35980,0,6,32768,0,3,2,11650531,1556635481,20190430,234441,733,50,5231,56,0,64,64,0
51513848,127.01947222222219,37.49544444444444,2,234443,20190430B03557318,77,2021119,2021116,3,1020,35980,0,6,32768,0,3,2,11650531,1556635481,20190430,234441,733,50,5231,56,0,64,64,0
51513849,127.01969444444441,37.49552777777778,3,234444,20190430B03557318,77,2021119,2021116,3,1020,35980,0,6,32768,0,3,2,11650531,1556635481,20190430,234441,733,50,5231,56,0,64,64,0
51513850,127.01988888888891,37.49558333333334,4,234445,20190430B03557318,77,2021119,2021116,3,1020,35980,0,6,32768,0,3,2,11650531,1556635481,20190430,234441,733,50,5231,56,0,64,64,0
51513851,127.02011111111109,37.49563888888889,5,234446,20190430B03557318,77,2021119,2021116,3,1020,35980,0,6,32768,0,3,2,11650531,1556635481,20190430,234441,733,50,5231,56,0,64,64,0
51513852,127.02011111111109,37.49563888888889,0,234446,20190430B03557318,78,2021116,2025844,3,300,36280,0,6,32768,3,3,2,11650531,1556635486,20190430,234446,707,15,5246,53,0,61,61,0
51513853,127.0203333333333,37.49572222222222,1,234446,20190430B03557318,78,2021116,2025844,3,300,36280,0,6,32768,3,3,2,11650531,1556635486,20190430,234446,707,15,5246,53,0,61,61,0
51513854,127.02044444444451,37.49575,2,234447,20190430B03557318,78,2021116,2025844,3,300,36280,0,6,32768,3,3,2,11650531,1556635486,20190430,234446,707,15,5246,53,0,61,61,0
51513855,127.02044444444451,37.49575,0,234448,20190430B03557318,79,2025844,2025843,3,420,36700,0,6,32768,0,3,1,11650531,1556635488,20190430,234448,699,22,5268,59,0,57,57,0
51513856,127.02063888888891,37.49580555555556,1,234448,20190430B03557318,79,2025844,2025843,3,420,36700,0,6,32768,0,3,1,11650531,1556635488,20190430,234448,699,22,5268,59,0,57,57,0
51513857,127.02086111111109,37.495888888888885,2,234449,20190430B03557318,79,2025844,2025843,3,420,36700,0,6,32768,0,3,1,11650531,1556635488,20190430,234448,699,22,5268,59,0,57,57,0
51513858,127.02088888888892,37.495888888888885,3,234450,20190430B03557318,79,2025844,2025843,3,420,36700,0,6,32768,0,3,1,11650531,1556635488,20190430,234448,699,22,5268,59,0,57,57,0
51513859,127.02088888888892,37.495888888888885,0,234450,20190430B03557318,80,2025843,2010389,3,100,36800,0,6,32768,0,3,2,11650531,1556635490,20190430,234450,588,6,5274,40,0,56,56,0
51513860,127.021,37.49591666666667,1,234450,20190430B03557318,80,2025843,2010389,3,100,36800,0,6,32768,0,3,2,11650531,1556635490,20190430,234450,588,6,5274,40,0,56,56,0
51513861,127.021,37.49591666666667,0,234451,20190430B03557318,81,2010389,2008957,3,860,37660,0,6,32768,0,3,2,11650531,1556635491,20190430,234451,650,48,5322,56,0,51,51,0
51513862,127.02122222222219,37.49597222222222,1,234451,20190430B03557318,81,2010389,2008957,3,860,37660,0,6,32768,0,3,2,11650531,1556635491,20190430,234451,650,48,5322,56,0,51,51,0
51513863,127.0214166666667,37.496055555555564,2,234452,20190430B03557318,81,2010389,2008957,3,860,37660,0,6,32768,0,3,2,11650531,1556635491,20190430,234451,650,48,5322,56,0,51,51,0
51513864,127.02163888888892,37.49611111111111,3,234453,20190430B03557318,81,2010389,2008957,3,860,37660,0,6,32768,0,3,2,11650531,1556635491,20190430,234451,650,48,5322,56,0,51,51,0
51513865,127.0218611111111,37.49616666666667,4,234454,20190430B03557318,81,2010389,2008957,3,860,37660,0,6,32768,0,3,2,11650531,1556635491,20190430,234451,650,48,5322,56,0,51,51,0
51513866,127.0219166666667,37.496194444444434,5,234455,20190430B03557318,81,2010389,2008957,3,860,37660,0,6,32768,0,3,2,11650531,1556635491,20190430,234451,650,48,5322,56,0,51,51,0
51513867,127.0219166666667,37.496194444444434,0,234456,20190430B03557318,82,2008957,2017702,3,590,38250,0,6,32768,0,3,2,11650531,1556635496,20190430,234456,458,46,5368,41,0,40,40,0
51513868,127.02211111111109,37.49625,1,234457,20190430B03557318,82,2008957,2017702,3,590,38250,0,6,32768,0,3,2,11650531,1556635496,20190430,234456,458,46,5368,41,0,40,40,0
51513869,127.02233333333331,37.49633333333333,2,234459,20190430B03557318,82,2008957,2017702,3,590,38250,0,6,32768,0,3,2,11650531,1556635496,20190430,234456,458,46,5368,41,0,40,40,0
51513870,127.02252777777781,37.49638888888889,3,234500,20190430B03557318,82,2008957,2017702,3,590,38250,0,6,32768,0,3,2,11650531,1556635496,20190430,234456,458,46,5368,41,0,40,40,0
51513871,127.02252777777781,37.49638888888889,0,234500,20190430B03557318,83,2017702,2021121,3,810,39060,0,6,32768,0,3,1,11650531,1556635500,20190430,234500,440,66,5434,37,0,24,24,0
51513872,127.02275,37.496444444444435,1,234501,20190430B03557318,83,2017702,2021121,3,810,39060,0,6,32768,0,3,1,11650531,1556635500,20190430,234500,440,66,5434,37,0,24,24,0
51513873,127.0229722222222,37.49652777777778,2,234502,20190430B03557318,83,2017702,2021121,3,810,39060,0,6,32768,0,3,1,11650531,1556635500,20190430,234500,440,66,5434,37,0,24,24,0
51513874,127.0231666666667,37.496583333333334,3,234503,20190430B03557318,83,2017702,2021121,3,810,39060,0,6,32768,0,3,1,11650531,1556635500,20190430,234500,440,66,5434,37,0,24,24,0
51513875,127.02338888888892,37.49663888888889,4,234505,20190430B03557318,83,2017702,2021121,3,810,39060,0,6,32768,0,3,1,11650531,1556635500,20190430,234500,440,66,5434,37,0,24,24,0
51513876,127.02338888888892,37.49666666666667,5,234506,20190430B03557318,83,2017702,2021121,3,810,39060,0,6,32768,0,3,1,11650531,1556635500,20190430,234500,440,66,5434,37,0,24,24,0
51513877,127.02338888888892,37.49666666666667,0,234507,20190430B03557318,84,2021121,2008083,3,450,39510,0,6,32768,0,3,2,11650531,1556635507,20190430,234507,68,239,5673,25,0,21,21,0
51513878,127.0236111111111,37.49672222222222,1,234514,20190430B03557318,84,2021121,2008083,3,450,39510,0,6,32768,0,3,2,11650531,1556635507,20190430,234507,68,239,5673,25,0,21,21,0
51513879,127.0238333333333,37.49677777777778,2,234522,20190430B03557318,84,2021121,2008083,3,450,39510,0,6,32768,0,3,2,11650531,1556635507,20190430,234507,68,239,5673,25,0,21,21,0
51513880,127.02388888888892,37.49680555555555,3,234530,20190430B03557318,84,2021121,2008083,3,450,39510,0,6,32768,0,3,2,11650531,1556635507,20190430,234507,68,239,5673,25,0,21,21,0
51513881,127.02388888888892,37.49680555555555,0,234531,20190430B03557318,85,2008083,2021122,3,330,39840,0,6,32768,4,3,2,11650531,1556635531,20190430,234531,212,56,5729,32,0,29,33,0
51513882,127.02408333333331,37.49686111111111,1,234533,20190430B03557318,85,2008083,2021122,3,330,39840,0,6,32768,4,3,2,11650531,1556635531,20190430,234531,212,56,5729,32,0,29,33,0
51513883,127.02422222222219,37.49691666666666,2,234536,20190430B03557318,85,2008083,2021122,3,330,39840,0,6,32768,4,3,2,11650531,1556635531,20190430,234531,212,56,5729,32,0,29,33,0
51513884,127.02422222222219,37.49691666666666,0,234536,20190430B03557318,86,2021122,3808258,3,830,40670,0,6,32768,0,3,2,11650531,1556635536,20190430,234536,386,77,5806,31,0,37,37,0
51513885,127.02444444444441,37.49697222222222,1,234537,20190430B03557318,86,2021122,3808258,3,830,40670,0,6,32768,0,3,2,11650531,1556635536,20190430,234536,386,77,5806,31,0,37,37,0
51513886,127.0246666666667,37.49702777777778,2,234539,20190430B03557318,86,2021122,3808258,3,830,40670,0,6,32768,0,3,2,11650531,1556635536,20190430,234536,386,77,5806,31,0,37,37,0
51513887,127.0248611111111,37.49711111111111,3,234540,20190430B03557318,86,2021122,3808258,3,830,40670,0,6,32768,0,3,2,11650531,1556635536,20190430,234536,386,77,5806,31,0,37,37,0
51513888,127.0250833333333,37.49716666666666,4,234542,20190430B03557318,86,2021122,3808258,3,830,40670,0,6,32768,0,3,2,11650531,1556635536,20190430,234536,386,77,5806,31,0,37,37,0
51513889,127.02511111111109,37.49719444444445,5,234543,20190430B03557318,86,2021122,3808258,3,830,40670,0,6,32768,0,3,2,11650531,1556635536,20190430,234536,386,77,5806,31,0,37,37,0
51513890,127.02511111111109,37.49719444444445,0,234544,20190430B03557318,87,3808258,3954086,3,650,41320,0,6,32768,0,3,1,11650531,1556635544,20190430,234544,579,40,5846,40,0,36,36,0
51513891,127.02533333333331,37.49725,1,234545,20190430B03557318,87,3808258,3954086,3,650,41320,0,6,32768,0,3,1,11650531,1556635544,20190430,234544,579,40,5846,40,0,36,36,0
51513892,127.02552777777781,37.49730555555556,2,234546,20190430B03557318,87,3808258,3954086,3,650,41320,0,6,32768,0,3,1,11650531,1556635544,20190430,234544,579,40,5846,40,0,36,36,0
51513893,127.02575,37.497388888888885,3,234547,20190430B03557318,87,3808258,3954086,3,650,41320,0,6,32768,0,3,1,11650531,1556635544,20190430,234544,579,40,5846,40,0,36,36,0
51513894,127.02580555555559,37.497388888888885,4,234548,20190430B03557318,87,3808258,3954086,3,650,41320,0,6,32768,0,3,1,11650531,1556635544,20190430,234544,579,40,5846,40,0,36,36,0
51513895,127.02580555555559,37.497388888888885,0,234548,20190430B03557318,88,3954086,3954089,3,100,41420,0,6,4,0,3,2,11650531,1556635548,20190430,234548,623,6,5852,35,0,60,60,0
51513896,127.0259166666667,37.49741666666667,1,234548,20190430B03557318,88,3954086,3954089,3,100,41420,0,6,4,0,3,2,11650531,1556635548,20190430,234548,623,6,5852,35,0,60,60,0
51513897,127.0259166666667,37.49741666666667,0,234549,20190430B03557318,89,3954089,3808263,3,120,41540,0,6,4,0,3,1,11650531,1556635549,20190430,234549,637,7,5859,43,0,38,38,0
51513898,127.0260277777778,37.49747222222222,1,234549,20190430B03557318,89,3954089,3808263,3,120,41540,0,6,4,0,3,1,11650531,1556635549,20190430,234549,637,7,5859,43,0,38,38,0
51513899,127.0260277777778,37.49747222222222,0,234549,20190430B03557318,90,3808263,2009034,3,400,41940,0,6,32768,0,3,1,11650531,1556635549,20190430,234549,548,26,5885,36,0,31,31,0
51513900,127.02625,37.49752777777778,1,234550,20190430B03557318,90,3808263,2009034,3,400,41940,0,6,32768,0,3,1,11650531,1556635549,20190430,234549,548,26,5885,36,0,31,31,0
51513901,127.0264722222222,37.49758333333333,2,234551,20190430B03557318,90,3808263,2009034,3,400,41940,0,6,32768,0,3,1,11650531,1556635549,20190430,234549,548,26,5885,36,0,31,31,0
51513902,127.0264722222222,37.49758333333333,0,234552,20190430B03557318,91,2009034,3808542,3,380,42320,0,6,32768,0,3,2,11650520,1556635552,20190430,234552,387,35,5920,28,0,30,20,0
51513903,127.0266944444444,37.497638888888886,1,234553,20190430B03557318,91,2009034,3808542,3,380,42320,0,6,32768,0,3,2,11650520,1556635552,20190430,234552,387,35,5920,28,0,30,20,0
51513904,127.02686111111109,37.497694444444434,2,234555,20190430B03557318,91,2009034,3808542,3,380,42320,0,6,32768,0,3,2,11650520,1556635552,20190430,234552,387,35,5920,28,0,30,20,0
51513905,127.02686111111109,37.497694444444434,0,234556,20190430B03557318,92,3808542,2016225,3,150,42470,0,6,32768,0,3,2,11650520,1556635556,20190430,234556,299,18,5938,31,0,26,52,0
51513906,127.0270277777778,37.49775,1,234557,20190430B03557318,92,3808542,2016225,3,150,42470,0,6,32768,0,3,2,11650520,1556635556,20190430,234556,299,18,5938,31,0,26,52,0
51513907,127.0270277777778,37.49775,0,234557,20190430B03557318,93,2016225,2008221,3,350,42820,0,6,4,0,3,2,11650520,1556635557,20190430,234557,12,1049,6987,20,0,14,14,0
51513908,127.02725,37.49783333333333,1,234649,20190430B03557318,93,2016225,2008221,3,350,42820,0,6,4,0,3,2,11650520,1556635557,20190430,234557,12,1049,6987,20,0,14,14,0
51513909,127.0274166666667,37.49786111111111,2,234741,20190430B03557318,93,2016225,2008221,3,350,42820,0,6,4,0,3,2,11650520,1556635557,20190430,234557,12,1049,6987,20,0,14,14,0
51513910,127.0274166666667,37.49786111111111,0,234742,20190430B03557318,94,2008221,2008172,3,190,43010,0,6,4,4,4,2,11650520,1556635662,20190430,234742,244,28,7015,30,0,39,68,0
51513911,127.02761111111109,37.497944444444435,1,234744,20190430B03557318,94,2008221,2008172,3,190,43010,0,6,4,4,4,2,11650520,1556635662,20190430,234742,244,28,7015,30,0,39,68,0
51513912,127.02761111111109,37.497944444444435,0,234745,20190430B03557318,95,2008172,2016230,3,150,43160,0,6,4,0,3,1,11680640,1556635665,20190430,234745,279,19,7034,32,0,29,29,0
51513913,127.0277777777778,37.49797222222222,1,234746,20190430B03557318,95,2008172,2016230,3,150,43160,0,6,4,0,3,1,11680640,1556635665,20190430,234745,279,19,7034,32,0,29,29,0
51513914,127.0277777777778,37.49797222222222,0,234747,20190430B03557318,96,2016230,2016229,3,530,43690,0,6,4,0,3,1,11680640,1556635667,20190430,234747,357,53,7087,33,0,29,29,0
51513915,127.02799999999999,37.498055555555545,1,234748,20190430B03557318,96,2016230,2016229,3,530,43690,0,6,4,0,3,1,11680640,1556635667,20190430,234747,357,53,7087,33,0,29,29,0
51513916,127.02819444444441,37.498111111111115,2,234750,20190430B03557318,96,2016230,2016229,3,530,43690,0,6,4,0,3,1,11680640,1556635667,20190430,234747,357,53,7087,33,0,29,29,0
51513917,127.02833333333331,37.49816666666667,3,234752,20190430B03557318,96,2016230,2016229,3,530,43690,0,6,4,0,3,1,11680640,1556635667,20190430,234747,357,53,7087,33,0,29,29,0
51513918,127.02833333333331,37.49816666666667,0,234752,20190430B03557318,97,2016229,2020518,3,180,43870,0,6,4,0,4,1,11680640,1556635672,20190430,234752,507,13,7100,40,0,40,40,0
51513919,127.02852777777781,37.49822222222222,1,234753,20190430B03557318,97,2016229,2020518,3,180,43870,0,6,4,0,4,1,11680640,1556635672,20190430,234752,507,13,7100,40,0,40,40,0
51513920,127.02852777777781,37.49822222222222,0,234754,20190430B03557318,98,2020518,2008946,3,830,44700,0,6,32768,0,4,2,11680640,1556635674,20190430,234754,495,60,7160,28,0,33,33,0
51513921,127.0287222222222,37.49827777777778,1,234755,20190430B03557318,98,2020518,2008946,3,830,44700,0,6,32768,0,4,2,11680640,1556635674,20190430,234754,495,60,7160,28,0,33,33,0
51513922,127.0289444444444,37.49836111111111,2,234756,20190430B03557318,98,2020518,2008946,3,830,44700,0,6,32768,0,4,2,11680640,1556635674,20190430,234754,495,60,7160,28,0,33,33,0
51513923,127.0291666666667,37.49841666666666,3,234757,20190430B03557318,98,2020518,2008946,3,830,44700,0,6,32768,0,4,2,11680640,1556635674,20190430,234754,495,60,7160,28,0,33,33,0
51513924,127.02938888888892,37.49847222222222,4,234758,20190430B03557318,98,2020518,2008946,3,830,44700,0,6,32768,0,4,2,11680640,1556635674,20190430,234754,495,60,7160,28,0,33,33,0
51513925,127.02938888888892,37.4985,5,234800,20190430B03557318,98,2020518,2008946,3,830,44700,0,6,32768,0,4,2,11680640,1556635674,20190430,234754,495,60,7160,28,0,33,33,0
51513926,127.02938888888892,37.4985,0,234800,20190430B03557318,99,2008946,2008949,3,480,45180,0,6,32768,0,4,1,11680640,1556635680,20190430,234800,578,30,7190,33,0,22,22,0
51513927,127.0296111111111,37.49855555555555,1,234801,20190430B03557318,99,2008946,2008949,3,480,45180,0,6,32768,0,4,1,11680640,1556635680,20190430,234800,578,30,7190,33,0,22,22,0
51513928,127.0298333333333,37.49861111111111,2,234802,20190430B03557318,99,2008946,2008949,3,480,45180,0,6,32768,0,4,1,11680640,1556635680,20190430,234800,578,30,7190,33,0,22,22,0
51513929,127.0299166666667,37.49863888888889,3,234803,20190430B03557318,99,2008946,2008949,3,480,45180,0,6,32768,0,4,1,11680640,1556635680,20190430,234800,578,30,7190,33,0,22,22,0
51513930,127.0299166666667,37.49863888888889,0,234803,20190430B03557318,100,2008949,2017125,3,280,45460,0,6,32768,0,4,2,11680640,1556635683,20190430,234803,526,19,7209,23,0,19,19,0
51513931,127.03011111111108,37.49872222222222,1,234803,20190430B03557318,100,2008949,2017125,3,280,45460,0,6,32768,0,4,2,11680640,1556635683,20190430,234803,526,19,7209,23,0,19,19,0
51513932,127.03022222222219,37.49875,2,234804,20190430B03557318,100,2008949,2017125,3,280,45460,0,6,32768,0,4,2,11680640,1556635683,20190430,234803,526,19,7209,23,0,19,19,0
51513933,127.03022222222219,37.49875,0,234804,20190430B03557318,101,2017125,2020726,3,780,46240,0,6,32768,4,4,2,11680640,1556635684,20190430,234804,587,48,7257,22,0,35,35,0
51513934,127.0304166666667,37.49880555555556,1,234805,20190430B03557318,101,2017125,2020726,3,780,46240,0,6,32768,4,4,2,11680640,1556635684,20190430,234804,587,48,7257,22,0,35,35,0
51513935,127.03063888888892,37.498888888888885,2,234806,20190430B03557318,101,2017125,2020726,3,780,46240,0,6,32768,4,4,2,11680640,1556635684,20190430,234804,587,48,7257,22,0,35,35,0
51513936,127.0308611111111,37.498944444444454,3,234807,20190430B03557318,101,2017125,2020726,3,780,46240,0,6,32768,4,4,2,11680640,1556635684,20190430,234804,587,48,7257,22,0,35,35,0
51513937,127.03102777777781,37.499,4,234808,20190430B03557318,101,2017125,2020726,3,780,46240,0,6,32768,4,4,2,11680640,1556635684,20190430,234804,587,48,7257,22,0,35,35,0
51513938,127.03102777777781,37.499,0,234809,20190430B03557318,102,2020726,2027612,3,810,47050,0,6,32768,0,4,2,11680640,1556635689,20190430,234809,497,59,7316,28,0,34,34,0
51513939,127.03125,37.499055555555564,1,234810,20190430B03557318,102,2020726,2027612,3,810,47050,0,6,32768,0,4,2,11680640,1556635689,20190430,234809,497,59,7316,28,0,34,34,0
51513940,127.03147222222219,37.499138888888886,2,234811,20190430B03557318,102,2020726,2027612,3,810,47050,0,6,32768,0,4,2,11680640,1556635689,20190430,234809,497,59,7316,28,0,34,34,0
51513941,127.03169444444441,37.499194444444434,3,234813,20190430B03557318,102,2020726,2027612,3,810,47050,0,6,32768,0,4,2,11680640,1556635689,20190430,234809,497,59,7316,28,0,34,34,0
51513942,127.03188888888891,37.49925,4,234814,20190430B03557318,102,2020726,2027612,3,810,47050,0,6,32768,0,4,2,11680640,1556635689,20190430,234809,497,59,7316,28,0,34,34,0
51513943,127.03188888888891,37.49925,0,234815,20190430B03557318,103,2027612,2027611,3,60,47110,0,6,32768,0,4,1,11680640,1556635695,20190430,234815,643,3,7319,48,0,48,48,0
51513944,127.0319722222222,37.499277777777785,1,234815,20190430B03557318,103,2027612,2027611,3,60,47110,0,6,32768,0,4,1,11680640,1556635695,20190430,234815,643,3,7319,48,0,48,48,0
51513945,127.0319722222222,37.499277777777785,0,234815,20190430B03557318,104,2027611,2014844,3,760,47870,0,6,32768,0,4,2,11680640,1556635695,20190430,234815,592,46,7365,32,0,35,35,0
51513946,127.03219444444441,37.499361111111114,1,234816,20190430B03557318,104,2027611,2014844,3,760,47870,0,6,32768,0,4,2,11680640,1556635695,20190430,234815,592,46,7365,32,0,35,35,0
51513947,127.03238888888892,37.49941666666667,2,234817,20190430B03557318,104,2027611,2014844,3,760,47870,0,6,32768,0,4,2,11680640,1556635695,20190430,234815,592,46,7365,32,0,35,35,0
51513948,127.0326111111111,37.49947222222222,3,234818,20190430B03557318,104,2027611,2014844,3,760,47870,0,6,32768,0,4,2,11680640,1556635695,20190430,234815,592,46,7365,32,0,35,35,0
51513949,127.03277777777781,37.49952777777778,4,234819,20190430B03557318,104,2027611,2014844,3,760,47870,0,6,32768,0,4,2,11680640,1556635695,20190430,234815,592,46,7365,32,0,35,35,0
51513950,127.03277777777781,37.49952777777778,0,234820,20190430B03557318,105,2014844,2014847,3,570,48440,0,6,32768,0,4,1,11680640,1556635700,20190430,234820,523,39,7404,42,0,41,41,0
51513951,127.03299999999999,37.49958333333333,1,234821,20190430B03557318,105,2014844,2014847,3,570,48440,0,6,32768,0,4,1,11680640,1556635700,20190430,234820,523,39,7404,42,0,41,41,0
51513952,127.0332222222222,37.49966666666667,2,234822,20190430B03557318,105,2014844,2014847,3,570,48440,0,6,32768,0,4,1,11680640,1556635700,20190430,234820,523,39,7404,42,0,41,41,0
51513953,127.03338888888891,37.49972222222222,3,234823,20190430B03557318,105,2014844,2014847,3,570,48440,0,6,32768,0,4,1,11680640,1556635700,20190430,234820,523,39,7404,42,0,41,41,0
51513954,127.03338888888891,37.49972222222222,0,234824,20190430B03557318,106,2014847,2016252,3,500,48940,0,6,32768,0,4,2,11680640,1556635704,20190430,234824,571,32,7436,32,0,34,34,0
51513955,127.03361111111109,37.49977777777778,1,234825,20190430B03557318,106,2014847,2016252,3,500,48940,0,6,32768,0,4,2,11680640,1556635704,20190430,234824,571,32,7436,32,0,34,34,0
51513956,127.03380555555559,37.49986111111111,2,234826,20190430B03557318,106,2014847,2016252,3,500,48940,0,6,32768,0,4,2,11680640,1556635704,20190430,234824,571,32,7436,32,0,34,34,0
51513957,127.0339166666667,37.49988888888889,3,234827,20190430B03557318,106,2014847,2016252,3,500,48940,0,6,32768,0,4,2,11680640,1556635704,20190430,234824,571,32,7436,32,0,34,34,0
51513958,127.0339166666667,37.49988888888889,0,234827,20190430B03557318,107,2016252,3808284,3,750,49690,0,6,32768,0,4,1,11680640,1556635707,20190430,234827,544,50,7486,48,0,34,34,0
51513959,127.03413888888892,37.49994444444444,1,234828,20190430B03557318,107,2016252,3808284,3,750,49690,0,6,32768,0,4,1,11680640,1556635707,20190430,234827,544,50,7486,48,0,34,34,0
51513960,127.03436111111108,37.50002777777778,2,234829,20190430B03557318,107,2016252,3808284,3,750,49690,0,6,32768,0,4,1,11680640,1556635707,20190430,234827,544,50,7486,48,0,34,34,0
51513961,127.0345833333333,37.50008333333334,3,234830,20190430B03557318,107,2016252,3808284,3,750,49690,0,6,32768,0,4,1,11680640,1556635707,20190430,234827,544,50,7486,48,0,34,34,0
51513962,127.0347222222222,37.50013888888889,4,234832,20190430B03557318,107,2016252,3808284,3,750,49690,0,6,32768,0,4,1,11680640,1556635707,20190430,234827,544,50,7486,48,0,34,34,0
51513963,127.0347222222222,37.50013888888889,0,234832,20190430B03557318,108,3808284,3808283,3,710,50400,0,6,32768,0,4,2,11680640,1556635712,20190430,234832,526,49,7535,37,0,32,31,0
51513964,127.0349444444444,37.50019444444445,1,234833,20190430B03557318,108,3808284,3808283,3,710,50400,0,6,32768,0,4,2,11680640,1556635712,20190430,234832,526,49,7535,37,0,32,31,0
51513965,127.0351666666667,37.50025,2,234834,20190430B03557318,108,3808284,3808283,3,710,50400,0,6,32768,0,4,2,11680640,1556635712,20190430,234832,526,49,7535,37,0,32,31,0
51513966,127.03536111111109,37.50033333333333,3,234835,20190430B03557318,108,3808284,3808283,3,710,50400,0,6,32768,0,4,2,11680640,1556635712,20190430,234832,526,49,7535,37,0,32,31,0
51513967,127.0354722222222,37.50036111111111,4,234836,20190430B03557318,108,3808284,3808283,3,710,50400,0,6,32768,0,4,2,11680640,1556635712,20190430,234832,526,49,7535,37,0,32,31,0
51513968,127.0354722222222,37.50036111111111,0,234837,20190430B03557318,109,3808283,3808286,3,140,50540,0,6,4,0,4,1,11680640,1556635717,20190430,234837,321,16,7551,47,0,26,26,0
51513969,127.03563888888891,37.50041666666667,1,234838,20190430B03557318,109,3808283,3808286,3,140,50540,0,6,4,0,4,1,11680640,1556635717,20190430,234837,321,16,7551,47,0,26,26,0
51513970,127.03563888888891,37.50041666666667,0,234839,20190430B03557318,110,3808286,3808289,3,160,50700,0,6,4,0,4,1,11680640,1556635719,20190430,234839,237,24,7575,42,0,21,21,0
51513971,127.0358055555556,37.50047222222222,1,234841,20190430B03557318,110,3808286,3808289,3,160,50700,0,6,4,0,4,1,11680640,1556635719,20190430,234839,237,24,7575,42,0,21,21,0
51513972,127.0358055555556,37.50047222222222,0,234841,20190430B03557318,111,3808289,3808288,4,300,51000,0,6,32768,0,4,2,11680640,1556635721,20190430,234841,168,64,7639,39,0,0,15,0
51513973,127.0360277777778,37.50052777777778,1,234844,20190430B03557318,111,3808289,3808288,4,300,51000,0,6,32768,0,4,2,11680640,1556635721,20190430,234841,168,64,7639,39,0,0,15,0
51513974,127.03613888888891,37.500555555555565,2,234847,20190430B03557318,111,3808289,3808288,4,300,51000,0,6,32768,0,4,2,11680640,1556635721,20190430,234841,168,64,7639,39,0,0,15,0
51513975,127.03613888888891,37.500555555555565,0,234847,20190430B03557318,112,3808288,3808287,3,300,51300,0,6,32768,0,4,1,11680640,1556635727,20190430,234847,694,16,7655,43,0,38,38,0
51513976,127.0359166666667,37.5005,1,234847,20190430B03557318,112,3808288,3808287,3,300,51300,0,6,32768,0,4,1,11680640,1556635727,20190430,234847,694,16,7655,43,0,38,38,0
51513977,127.0358055555556,37.50047222222222,2,234848,20190430B03557318,112,3808288,3808287,3,300,51300,0,6,32768,0,4,1,11680640,1556635727,20190430,234847,694,16,7655,43,0,38,38,0
51513978,127.0358055555556,37.50047222222222,0,234849,20190430B03557318,113,3808287,3808282,3,160,51460,0,6,4,0,4,2,11680640,1556635729,20190430,234849,576,10,7665,37,0,46,46,0
51513979,127.03563888888891,37.50041666666667,1,234850,20190430B03557318,113,3808287,3808282,3,160,51460,0,6,4,0,4,2,11680640,1556635729,20190430,234849,576,10,7665,37,0,46,46,0
51513980,127.03563888888891,37.50041666666667,0,234850,20190430B03557318,114,3808282,3808285,3,140,51600,0,6,4,0,4,1,11680640,1556635730,20190430,234850,384,13,7678,43,0,30,30,0
51513981,127.0354722222222,37.50036111111111,1,234851,20190430B03557318,114,3808282,3808285,3,140,51600,0,6,4,0,4,1,11680640,1556635730,20190430,234850,384,13,7678,43,0,30,30,0
51513982,127.0354722222222,37.50036111111111,0,234851,20190430B03557318,115,3808285,2016253,3,710,52310,0,6,32768,0,4,2,11680640,1556635731,20190430,234851,315,81,7759,38,0,37,37,0
51513983,127.03525,37.50030555555556,1,234853,20190430B03557318,115,3808285,2016253,3,710,52310,0,6,32768,0,4,2,11680640,1556635731,20190430,234851,315,81,7759,38,0,37,37,0
51513984,127.03505555555559,37.50022222222222,2,234855,20190430B03557318,115,3808285,2016253,3,710,52310,0,6,32768,0,4,2,11680640,1556635731,20190430,234851,315,81,7759,38,0,37,37,0
51513985,127.0348333333333,37.50016666666667,3,234857,20190430B03557318,115,3808285,2016253,3,710,52310,0,6,32768,0,4,2,11680640,1556635731,20190430,234851,315,81,7759,38,0,37,37,0
51513986,127.0347222222222,37.50013888888889,4,234859,20190430B03557318,115,3808285,2016253,3,710,52310,0,6,32768,0,4,2,11680640,1556635731,20190430,234851,315,81,7759,38,0,37,37,0
51513987,127.0347222222222,37.50013888888889,0,234859,20190430B03557318,116,2016253,2014846,3,750,53060,0,6,32768,0,4,2,11680640,1556635739,20190430,234859,282,96,7855,33,0,25,25,0
51513988,127.0345,37.50005555555556,1,234901,20190430B03557318,116,2016253,2014846,3,750,53060,0,6,32768,0,4,2,11680640,1556635739,20190430,234859,282,96,7855,33,0,25,25,0
51513989,127.03430555555559,37.5,2,234903,20190430B03557318,116,2016253,2014846,3,750,53060,0,6,32768,0,4,2,11680640,1556635739,20190430,234859,282,96,7855,33,0,25,25,0
51513990,127.0340833333333,37.49994444444444,3,234906,20190430B03557318,116,2016253,2014846,3,750,53060,0,6,32768,0,4,2,11680640,1556635739,20190430,234859,282,96,7855,33,0,25,25,0
51513991,127.0339166666667,37.49988888888889,4,234908,20190430B03557318,116,2016253,2014846,3,750,53060,0,6,32768,0,4,2,11680640,1556635739,20190430,234859,282,96,7855,33,0,25,25,0
51513992,127.0339166666667,37.49988888888889,0,234909,20190430B03557318,117,2014846,2014845,3,500,53560,0,6,32768,0,4,2,11680640,1556635749,20190430,234909,228,79,7934,39,0,35,35,0
51513993,127.0337222222222,37.49980555555555,1,234911,20190430B03557318,117,2014846,2014845,3,500,53560,0,6,32768,0,4,2,11680640,1556635749,20190430,234909,228,79,7934,39,0,35,35,0
51513994,127.0335,37.49975,2,234914,20190430B03557318,117,2014846,2014845,3,500,53560,0,6,32768,0,4,2,11680640,1556635749,20190430,234909,228,79,7934,39,0,35,35,0
51513995,127.03338888888891,37.49972222222222,3,234916,20190430B03557318,117,2014846,2014845,3,500,53560,0,6,32768,0,4,2,11680640,1556635749,20190430,234909,228,79,7934,39,0,35,35,0
51513996,127.03338888888891,37.49972222222222,0,234917,20190430B03557318,118,2014845,2027610,3,570,54130,0,6,32768,0,4,2,11680640,1556635757,20190430,234917,359,57,7991,35,0,41,41,0
51513997,127.0331666666667,37.49963888888889,1,234918,20190430B03557318,118,2014845,2027610,3,570,54130,0,6,32768,0,4,2,11680640,1556635757,20190430,234917,359,57,7991,35,0,41,41,0
51513998,127.0329722222222,37.49958333333333,2,234920,20190430B03557318,118,2014845,2027610,3,570,54130,0,6,32768,0,4,2,11680640,1556635757,20190430,234917,359,57,7991,35,0,41,41,0
51513999,127.03277777777781,37.49952777777778,3,234922,20190430B03557318,118,2014845,2027610,3,570,54130,0,6,32768,0,4,2,11680640,1556635757,20190430,234917,359,57,7991,35,0,41,41,0
51514000,127.03277777777781,37.49952777777778,0,234923,20190430B03557318,119,2027610,2027613,3,760,54890,0,6,32768,0,4,2,11680640,1556635763,20190430,234923,231,118,8109,45,0,35,35,0
51514001,127.03255555555559,37.49947222222222,1,234925,20190430B03557318,119,2027610,2027613,3,760,54890,0,6,32768,0,4,2,11680640,1556635763,20190430,234923,231,118,8109,45,0,35,35,0
51514002,127.03236111111109,37.49941666666667,2,234928,20190430B03557318,119,2027610,2027613,3,760,54890,0,6,32768,0,4,2,11680640,1556635763,20190430,234923,231,118,8109,45,0,35,35,0
51514003,127.03213888888891,37.49933333333333,3,234931,20190430B03557318,119,2027610,2027613,3,760,54890,0,6,32768,0,4,2,11680640,1556635763,20190430,234923,231,118,8109,45,0,35,35,0
51514004,127.0319722222222,37.499277777777785,4,234934,20190430B03557318,119,2027610,2027613,3,760,54890,0,6,32768,0,4,2,11680640,1556635763,20190430,234923,231,118,8109,45,0,35,35,0
51514005,127.0319722222222,37.499277777777785,0,234934,20190430B03557318,120,2027613,2020727,3,60,54950,0,6,32768,0,4,1,11680640,1556635774,20190430,234934,174,12,8121,45,0,47,47,0
51514006,127.03188888888891,37.49925,1,234935,20190430B03557318,120,2027613,2020727,3,60,54950,0,6,32768,0,4,1,11680640,1556635774,20190430,234934,174,12,8121,45,0,47,47,0
51514007,127.03188888888891,37.49925,0,234936,20190430B03557318,121,2020727,2020618,2,810,55760,0,6,32768,4,4,2,11680640,1556635776,20190430,234936,184,158,8279,27,0,0,44,0
51514008,127.03169444444441,37.499194444444434,1,234939,20190430B03557318,121,2020727,2020618,2,810,55760,0,6,32768,4,4,2,11680640,1556635776,20190430,234936,184,158,8279,27,0,0,44,0
51514009,127.03147222222219,37.499138888888886,2,234943,20190430B03557318,121,2020727,2020618,2,810,55760,0,6,32768,4,4,2,11680640,1556635776,20190430,234936,184,158,8279,27,0,0,44,0
51514010,127.03125,37.499055555555564,3,234947,20190430B03557318,121,2020727,2020618,2,810,55760,0,6,32768,4,4,2,11680640,1556635776,20190430,234936,184,158,8279,27,0,0,44,0
51514011,127.03102777777781,37.499,4,234951,20190430B03557318,121,2020727,2020618,2,810,55760,0,6,32768,4,4,2,11680640,1556635776,20190430,234936,184,158,8279,27,0,0,44,0
51514012,127.03102777777781,37.499,0,234952,20190430B03557318,122,2020618,2020628,3,650,56410,0,9,32768,0,1,1,11680640,1556635792,20190430,234952,523,45,8324,25,0,27,27,0
51514013,127.03094444444442,37.49916666666667,1,234953,20190430B03557318,122,2020618,2020628,3,650,56410,0,9,32768,0,1,1,11680640,1556635792,20190430,234952,523,45,8324,25,0,27,27,0
51514014,127.03088888888891,37.49933333333333,2,234954,20190430B03557318,122,2020618,2020628,3,650,56410,0,9,32768,0,1,1,11680640,1556635792,20190430,234952,523,45,8324,25,0,27,27,0
51514015,127.03080555555559,37.49952777777778,3,234955,20190430B03557318,122,2020618,2020628,3,650,56410,0,9,32768,0,1,1,11680640,1556635792,20190430,234952,523,45,8324,25,0,27,27,0
51514016,127.0307777777778,37.499555555555546,4,234956,20190430B03557318,122,2020618,2020628,3,650,56410,0,9,32768,0,1,1,11680640,1556635792,20190430,234952,523,45,8324,25,0,27,27,0
51514017,127.0307777777778,37.499555555555546,0,234956,20190430B03557318,123,2020628,2020627,3,300,56710,0,9,32768,0,1,1,11680640,1556635796,20190430,234956,360,30,8354,20,0,27,27,0
51514018,127.0306944444444,37.49972222222222,1,234957,20190430B03557318,123,2020628,2020627,3,300,56710,0,9,32768,0,1,1,11680640,1556635796,20190430,234956,360,30,8354,20,0,27,27,0
51514019,127.0306666666667,37.49980555555555,2,234959,20190430B03557318,123,2020628,2020627,3,300,56710,0,9,32768,0,1,1,11680640,1556635796,20190430,234956,360,30,8354,20,0,27,27,0
51514020,127.0306666666667,37.49980555555555,0,234959,20190430B03557318,124,2020627,2020810,3,290,57000,0,9,32768,0,1,2,11680640,1556635799,20190430,234959,104,100,8454,19,0,16,16,0
51514021,127.0305833333333,37.5,1,235004,20190430B03557318,124,2020627,2020810,3,290,57000,0,9,32768,0,1,2,11680640,1556635799,20190430,234959,104,100,8454,19,0,16,16,0
51514022,127.0305555555556,37.50005555555556,2,235009,20190430B03557318,124,2020627,2020810,3,290,57000,0,9,32768,0,1,2,11680640,1556635799,20190430,234959,104,100,8454,19,0,16,16,0
51514023,127.0305555555556,37.50005555555556,0,235009,20190430B03557318,125,2020810,0,3,1650,58650,0,9,32768,0,1,2,11680640,1556635809,20190430,235009,204,291,8745,22,0,0,0,0
51514024,127.03044444444441,37.50022222222222,1,235012,20190430B03557318,125,2020810,0,3,1650,58650,0,9,32768,0,1,2,11680640,1556635809,20190430,235009,204,291,8745,22,0,0,0,0
51514025,127.03036111111109,37.50041666666667,2,235015,20190430B03557318,125,2020810,0,3,1650,58650,0,9,32768,0,1,2,11680640,1556635809,20190430,235009,204,291,8745,22,0,0,0,0
51514026,127.03027777777781,37.50058333333333,3,235018,20190430B03557318,125,2020810,0,3,1650,58650,0,9,32768,0,1,2,11680640,1556635809,20190430,235009,204,291,8745,22,0,0,0,0
51514027,127.0301944444444,37.50075,4,235021,20190430B03557318,125,2020810,0,3,1650,58650,0,9,32768,0,1,2,11680640,1556635809,20190430,235009,204,291,8745,22,0,0,0,0
51514028,127.03011111111108,37.50091666666667,5,235025,20190430B03557318,125,2020810,0,3,1650,58650,0,9,32768,0,1,2,11680640,1556635809,20190430,235009,204,291,8745,22,0,0,0,0
51514029,127.03,37.50108333333333,6,235028,20190430B03557318,125,2020810,0,3,1650,58650,0,9,32768,0,1,2,11680640,1556635809,20190430,235009,204,291,8745,22,0,0,0,0
51514030,127.0299166666667,37.50125,7,235031,20190430B03557318,125,2020810,0,3,1650,58650,0,9,32768,0,1,2,11680640,1556635809,20190430,235009,204,291,8745,22,0,0,0,0
51514031,127.0298333333333,37.50144444444445,8,235034,20190430B03557318,125,2020810,0,3,1650,58650,0,9,32768,0,1,2,11680640,1556635809,20190430,235009,204,291,8745,22,0,0,0,0
51514032,127.0298333333333,37.50144444444445,9,235038,20190430B03557318,125,2020810,0,3,1650,58650,0,9,32768,0,1,2,11680640,1556635809,20190430,235009,204,291,8745,22,0,0,0,0
